35.0, 68.0, 59.0, -22.0, -16.0, 0.0, -6.0, -16.0
-21.0, -98.0, -65.0, 17.0, 18.0, 0.0, 22.0, 2.0
-33.0, -66.0, -51.0, 20.0, 15.0, 0.0, 2.0, -6.0
16.0, 69.0, 51.0, -13.0, -16.0, -2.0, -16.0, -30.0
23.0, 68.0, 46.0, -14.0, -15.0, -1.0, -5.0, -12.0
-7.0, -49.0, -43.0, -3.0, 12.0, 5.0, 11.0, -12.0
-28.0, -88.0, -39.0, 27.0, 14.0, -1.0, 7.0, -9.0
7.0, 62.0, 38.0, 0.0, -12.0, 2.0, -12.0, -21.0
18.0, 57.0, 27.0, -40.0, -18.0, -4.0, -7.0, -14.0
-6.0, -46.0, -20.0, 2.0, 5.0, 0.0, 11.0, -7.0
-23.0, -62.0, -53.0, 20.0, 11.0, -6.0, 7.0, -7.0
11.0, 59.0, 25.0, -8.0, 2.0, 11.0, -15.0, -26.0
16.0, 45.0, 37.0, -7.0, -16.0, -8.0, -6.0, -22.0
-13.0, -60.0, -27.0, 2.0, 7.0, -3.0, 12.0, -6.0
-17.0, -38.0, -21.0, 18.0, 12.0, 3.0, 2.0, -18.0
13.0, 57.0, 35.0, -3.0, -10.0, -6.0, -14.0, -21.0
11.0, 22.0, 4.0, -15.0, -5.0, 3.0, 1.0, -18.0
-12.0, -40.0, -16.0, 5.0, 9.0, -2.0, 7.0, -12.0
-10.0, -13.0, -20.0, 0.0, 2.0, 2.0, -3.0, -19.0
9.0, 36.0, 24.0, -3.0, -8.0, -1.0, -3.0, -19.0
4.0, 7.0, -6.0, -5.0, -3.0, -4.0, -4.0, -20.0
-5.0, -21.0, -9.0, 8.0, 4.0, -6.0, 2.0, -13.0
13.0, 110.0, 39.0, -5.0, -18.0, 0.0, -24.0, -30.0
36.0, 113.0, 61.0, -27.0, -26.0, -6.0, -12.0, -20.0
-13.0, -84.0, -35.0, 11.0, 19.0, 2.0, 20.0, -3.0
-25.0, -98.0, -41.0, 24.0, 19.0, 14.0, 12.0, -5.0
2.0, 59.0, 2.0, -16.0, -16.0, -7.0, -13.0, -22.0
20.0, 100.0, 55.0, -15.0, -16.0, -5.0, -13.0, -19.0
-2.0, -45.0, -8.0, 10.0, 10.0, -6.0, 10.0, -1.0
-25.0, -97.0, -49.0, 19.0, 16.0, -3.0, 14.0, -5.0
4.0, 37.0, 39.0, 8.0, -3.0, -1.0, -11.0, -28.0
23.0, 87.0, 25.0, -21.0, -16.0, 2.0, -15.0, -26.0
-5.0, -46.0, -20.0, -5.0, 1.0, -1.0, 16.0, 0.0
-25.0, -85.0, -40.0, 23.0, 16.0, -1.0, 7.0, -8.0
4.0, 43.0, 13.0, -5.0, -6.0, 5.0, -13.0, -26.0
19.0, 67.0, 37.0, -16.0, -13.0, -6.0, -10.0, -15.0
-5.0, -44.0, -23.0, 4.0, 3.0, -1.0, 9.0, -7.0
-21.0, -51.0, -35.0, 8.0, 11.0, -4.0, 8.0, 0.0
6.0, 41.0, 21.0, -11.0, -17.0, -14.0, -10.0, -16.0
12.0, 39.0, 13.0, -5.0, 2.0, 12.0, -1.0, -16.0
-8.0, -35.0, -21.0, 12.0, 4.0, 2.0, 7.0, -7.0
-13.0, -28.0, -6.0, 3.0, 2.0, -4.0, -3.0, -21.0
5.0, 26.0, 18.0, -13.0, -1.0, 1.0, -5.0, -16.0
5.0, 18.0, -10.0, 6.0, -4.0, 2.0, -1.0, -6.0
-5.0, -22.0, -16.0, -17.0, -1.0, -6.0, 5.0, -16.0
-6.0, -10.0, -10.0, 1.0, 3.0, -3.0, -1.0, -17.0
7.0, 17.0, 10.0, -4.0, -2.0, 4.0, -5.0, -13.0
0.0, 12.0, 23.0, -1.0, -5.0, -3.0, -2.0, -16.0
-3.0, -11.0, -29.0, -7.0, 0.0, 1.0, 2.0, -14.0
-6.0, -18.0, -4.0, 15.0, 2.0, -4.0, -2.0, -14.0
2.0, 10.0, 13.0, 3.0, 7.0, 5.0, -3.0, -21.0
6.0, 15.0, 7.0, 1.0, -3.0, 2.0, -2.0, -21.0
-3.0, -14.0, -21.0, -14.0, 0.0, -5.0, 3.0, -14.0
-7.0, -16.0, 0.0, 2.0, 3.0, 2.0, 2.0, -14.0
2.0, 9.0, -4.0, -3.0, -7.0, -1.0, -1.0, -9.0
4.0, 10.0, 7.0, -6.0, -4.0, 1.0, 0.0, -18.0
-4.0, -10.0, 5.0, 11.0, 3.0, 1.0, -2.0, -13.0
-2.0, -7.0, -14.0, -4.0, -3.0, -2.0, -1.0, -12.0
2.0, 10.0, 6.0, -3.0, 5.0, 6.0, -3.0, -14.0
0.0, 0.0, -6.0, -11.0, -8.0, -10.0, -1.0, -11.0
1.0, -9.0, 7.0, 17.0, 3.0, -6.0, -4.0, -24.0
-2.0, -6.0, -5.0, -1.0, 0.0, 5.0, -2.0, -4.0
-1.0, 4.0, -8.0, -20.0, -8.0, 4.0, -3.0, -11.0
-1.0, 4.0, 1.0, -1.0, 0.0, -4.0, -1.0, -5.0
-5.0, -7.0, 17.0, 17.0, 7.0, 4.0, 1.0, -6.0
2.0, 1.0, 3.0, -3.0, -5.0, -5.0, -2.0, -15.0
3.0, 7.0, -18.0, -10.0, -5.0, -2.0, 0.0, -11.0
-2.0, 0.0, -1.0, -3.0, 11.0, 8.0, 0.0, -16.0
0.0, -2.0, 0.0, -1.0, -3.0, 1.0, -1.0, -10.0
-4.0, 0.0, -7.0, -6.0, -1.0, -8.0, -4.0, -15.0
1.0, 1.0, -2.0, 2.0, -2.0, 9.0, -1.0, -6.0
2.0, 3.0, 1.0, -7.0, 0.0, 6.0, -3.0, -19.0
-3.0, -5.0, 0.0, 12.0, -2.0, -22.0, -4.0, -8.0
-2.0, -3.0, 4.0, 0.0, 5.0, 10.0, 1.0, -16.0
1.0, 4.0, 4.0, 0.0, -2.0, 8.0, -5.0, -15.0
-1.0, -7.0, 1.0, 11.0, 2.0, -4.0, 2.0, -16.0
-5.0, -4.0, -21.0, -26.0, 3.0, 6.0, -2.0, -14.0
-1.0, 12.0, -31.0, 8.0, -7.0, -11.0, -6.0, -10.0
-10.0, 3.0, 8.0, -5.0, 2.0, 0.0, 2.0, -12.0
8.0, -3.0, 2.0, -2.0, 4.0, 2.0, 2.0, -10.0
3.0, -2.0, -7.0, -3.0, -9.0, -9.0, -2.0, -24.0
2.0, 7.0, 11.0, 6.0, 4.0, 21.0, 5.0, -9.0
3.0, 1.0, 10.0, 8.0, 1.0, -11.0, -5.0, -13.0
-6.0, -11.0, -5.0, -1.0, -7.0, -28.0, -1.0, -11.0
-4.0, -3.0, -2.0, -5.0, 2.0, 11.0, -1.0, -18.0
1.0, 7.0, 2.0, -4.0, -2.0, 11.0, -3.0, -8.0
2.0, 1.0, 13.0, 11.0, 4.0, 4.0, -2.0, -17.0
-3.0, -19.0, -4.0, -13.0, -2.0, -2.0, 1.0, -2.0
-3.0, -1.0, 3.0, 6.0, -4.0, -14.0, -4.0, -21.0
1.0, 7.0, 1.0, -6.0, 3.0, -2.0, -3.0, -19.0
1.0, 1.0, -22.0, -1.0, -8.0, 7.0, 3.0, -11.0
-5.0, -12.0, -3.0, -23.0, 2.0, 0.0, -1.0, -22.0
0.0, -3.0, 4.0, 12.0, -1.0, -7.0, -3.0, -13.0
0.0, 19.0, -19.0, -1.0, -5.0, -15.0, -4.0, -21.0
3.0, 2.0, 11.0, 2.0, -4.0, -13.0, -2.0, -19.0
-2.0, -18.0, -10.0, 4.0, 13.0, 14.0, 4.0, -3.0
-3.0, -3.0, -2.0, -4.0, 2.0, 29.0, -1.0, -16.0
0.0, 18.0, 7.0, -2.0, -8.0, -8.0, -3.0, -22.0
6.0, 1.0, 8.0, -2.0, 9.0, -7.0, -1.0, -19.0
-5.0, -11.0, -6.0, 11.0, -12.0, 4.0, 0.0, -19.0
-3.0, -3.0, 2.0, -2.0, 6.0, -2.0, 1.0, -14.0
0.0, 11.0, 10.0, 5.0, -2.0, 4.0, -6.0, -17.0
3.0, 1.0, 1.0, 3.0, 1.0, 2.0, 4.0, -12.0
-11.0, -24.0, -11.0, -5.0, -9.0, -16.0, -1.0, -14.0
2.0, -4.0, -1.0, 2.0, -1.0, -11.0, -4.0, -8.0
1.0, 10.0, 4.0, -9.0, -4.0, 23.0, 0.0, -21.0
5.0, 5.0, 9.0, 5.0, 13.0, 11.0, 0.0, -11.0
-1.0, -22.0, -11.0, 4.0, 6.0, 2.0, 5.0, -12.0
-3.0, -4.0, -4.0, -1.0, -6.0, -14.0, -3.0, -15.0
-2.0, 15.0, 9.0, -4.0, -7.0, -16.0, -3.0, -15.0
-5.0, -5.0, 3.0, -9.0, -12.0, -10.0, 2.0, -13.0
-2.0, -16.0, -6.0, 1.0, 5.0, 7.0, 8.0, -4.0
-3.0, -1.0, -6.0, 0.0, 4.0, 20.0, 21.0, 3.0
4.0, 21.0, 6.0, -10.0, -6.0, -13.0, -2.0, -17.0
-2.0, 0.0, -1.0, -1.0, -1.0, -6.0, -8.0, -20.0
-2.0, -16.0, 18.0, 6.0, -1.0, -3.0, -11.0, -22.0
-3.0, 2.0, -16.0, -12.0, -6.0, 5.0, -12.0, -21.0
4.0, 24.0, 7.0, 15.0, 8.0, -3.0, -6.0, -21.0
0.0, -3.0, -7.0, -4.0, 5.0, 7.0, 8.0, -8.0
-2.0, -17.0, -2.0, 3.0, -5.0, -5.0, 6.0, -5.0
-5.0, -3.0, -4.0, -11.0, -4.0, -6.0, 0.0, -21.0
1.0, 10.0, 3.0, -14.0, -3.0, -6.0, -5.0, -6.0
2.0, 0.0, 8.0, 0.0, -8.0, 2.0, 4.0, -18.0
-3.0, -25.0, -13.0, 2.0, 5.0, 2.0, 10.0, -13.0
-1.0, -2.0, -6.0, 8.0, 9.0, 4.0, 1.0, -14.0
2.0, 27.0, -7.0, -14.0, -10.0, 0.0, 7.0, -10.0
-3.0, 0.0, 11.0, 3.0, -6.0, -12.0, 14.0, -6.0
-6.0, -26.0, -1.0, 1.0, 11.0, 14.0, -4.0, -14.0
1.0, -2.0, 1.0, 6.0, -3.0, -6.0, -16.0, -25.0
2.0, 13.0, 10.0, 0.0, 4.0, -1.0, -19.0, -30.0
-2.0, -2.0, -2.0, -9.0, -5.0, -9.0, -2.0, -19.0
-3.0, -21.0, -7.0, 6.0, 4.0, 7.0, 13.0, -13.0
0.0, -1.0, 0.0, 3.0, -3.0, 5.0, -17.0, -14.0
0.0, 7.0, 1.0, -12.0, -4.0, -18.0, -12.0, -18.0
1.0, -2.0, 10.0, 7.0, 4.0, 14.0, -8.0, -13.0
-3.0, -21.0, -14.0, 3.0, -1.0, -3.0, 1.0, -9.0
-3.0, -1.0, 14.0, -3.0, -3.0, 2.0, 8.0, -6.0
5.0, 24.0, 9.0, 17.0, 7.0, 9.0, 0.0, -15.0
-2.0, 1.0, -7.0, -8.0, -5.0, -6.0, 5.0, -12.0
-5.0, -20.0, -9.0, 1.0, -1.0, -14.0, 3.0, -20.0
0.0, -4.0, -2.0, 2.0, 6.0, 10.0, 5.0, -13.0
2.0, 20.0, 9.0, -5.0, -9.0, -5.0, -1.0, -17.0
-2.0, -1.0, -5.0, -4.0, 4.0, 8.0, 10.0, 0.0
-4.0, -17.0, 0.0, 1.0, -3.0, -3.0, 13.0, -1.0
0.0, -2.0, -4.0, -5.0, -3.0, -13.0, 51.0, 19.0
3.0, 16.0, 6.0, 2.0, 0.0, 9.0, -33.0, -33.0
-4.0, 1.0, -13.0, -14.0, 2.0, 1.0, -43.0, -41.0
-1.0, 0.0, -5.0, 8.0, -4.0, -3.0, -27.0, -28.0
2.0, 0.0, -1.0, -2.0, 0.0, -4.0, -17.0, -26.0
1.0, 16.0, 12.0, -7.0, -13.0, -12.0, 13.0, -1.0
-2.0, -2.0, 0.0, 0.0, 10.0, 1.0, 20.0, -7.0
-3.0, -26.0, -9.0, 1.0, 10.0, 22.0, 10.0, -7.0
-4.0, -3.0, -3.0, 2.0, -8.0, -11.0, -7.0, -20.0
4.0, 16.0, 12.0, -1.0, 0.0, 0.0, 6.0, -11.0
1.0, 1.0, -6.0, -5.0, -12.0, -14.0, -1.0, -8.0
0.0, -15.0, -3.0, 4.0, 9.0, -7.0, 8.0, -6.0
-4.0, 0.0, 13.0, 0.0, 6.0, 19.0, -7.0, -15.0
2.0, 17.0, 2.0, -4.0, -4.0, 5.0, -6.0, -23.0
1.0, 4.0, 6.0, -2.0, -8.0, -8.0, 3.0, -15.0
-4.0, -22.0, -20.0, 5.0, 3.0, -10.0, 7.0, -11.0
-1.0, -5.0, -8.0, 1.0, 0.0, 9.0, -7.0, -15.0
1.0, 20.0, 5.0, -6.0, -3.0, -9.0, -5.0, -18.0
0.0, 2.0, 6.0, 2.0, -6.0, 18.0, 7.0, -6.0
-3.0, -20.0, -6.0, 1.0, 8.0, -17.0, 1.0, -19.0
-1.0, -4.0, -8.0, -5.0, -5.0, -5.0, -9.0, -17.0
2.0, 22.0, 3.0, 6.0, -3.0, -2.0, 0.0, -12.0
0.0, 4.0, 4.0, 7.0, 2.0, 2.0, 2.0, -9.0
-4.0, -17.0, -10.0, -9.0, 4.0, 4.0, -2.0, -19.0
-2.0, -1.0, 0.0, 0.0, -8.0, -5.0, -7.0, -19.0
9.0, 12.0, 13.0, -3.0, 0.0, -3.0, 1.0, -13.0
-1.0, 0.0, -21.0, -8.0, -4.0, 2.0, 1.0, -12.0
-1.0, -16.0, -8.0, -12.0, -5.0, -21.0, -1.0, -15.0
-4.0, -4.0, 2.0, 3.0, 6.0, 2.0, -5.0, -16.0
0.0, 10.0, -1.0, -8.0, 4.0, 35.0, 0.0, -19.0
3.0, 1.0, -8.0, 6.0, -2.0, -13.0, -1.0, -17.0
-6.0, -9.0, 6.0, 1.0, -5.0, -5.0, 1.0, -11.0
3.0, -3.0, -11.0, 1.0, -1.0, -14.0, -1.0, -12.0
-5.0, 14.0, 9.0, -3.0, -3.0, -3.0, -1.0, -2.0
7.0, 2.0, 1.0, 0.0, 10.0, 18.0, 3.0, -6.0
-3.0, -17.0, -11.0, 3.0, -6.0, 0.0, 3.0, -9.0
2.0, -5.0, 0.0, -2.0, -3.0, -11.0, -7.0, -15.0
1.0, 11.0, -2.0, -1.0, 3.0, 14.0, -3.0, -18.0
-5.0, 3.0, 11.0, 2.0, -1.0, -16.0, -2.0, -12.0
-3.0, -22.0, -8.0, 0.0, -2.0, 7.0, -1.0, -11.0
-4.0, -3.0, -6.0, 1.0, 5.0, 9.0, -3.0, -14.0
-2.0, 8.0, 2.0, -7.0, -14.0, -14.0, -3.0, -12.0
0.0, 1.0, 2.0, -2.0, 9.0, -14.0, 1.0, -12.0
-1.0, -19.0, -1.0, -11.0, 2.0, 18.0, 6.0, -8.0
-3.0, -5.0, -4.0, 15.0, -7.0, -7.0, -5.0, -22.0
3.0, 21.0, 5.0, -6.0, -3.0, -8.0, -1.0, -13.0
0.0, -2.0, 5.0, 0.0, -1.0, 3.0, 3.0, -11.0
-5.0, -19.0, -2.0, 5.0, 1.0, -5.0, 3.0, -16.0
0.0, -6.0, -11.0, -5.0, 4.0, 11.0, -3.0, -16.0
3.0, 18.0, 15.0, -7.0, -10.0, -3.0, -1.0, -3.0
-1.0, 4.0, 5.0, 3.0, 14.0, 4.0, 0.0, -15.0
-4.0, -18.0, -15.0, 3.0, -4.0, 2.0, 0.0, -18.0
0.0, -6.0, -6.0, 0.0, -4.0, -4.0, 3.0, -16.0
3.0, 13.0, 1.0, -3.0, 1.0, -11.0, -8.0, -12.0
-3.0, 3.0, 6.0, -5.0, -4.0, -3.0, 3.0, -10.0
-1.0, -14.0, -6.0, 6.0, 6.0, 17.0, 3.0, -3.0
-1.0, -4.0, -4.0, -2.0, -4.0, -19.0, 0.0, -16.0
1.0, 18.0, 7.0, -4.0, -1.0, 0.0, 0.0, -7.0
0.0, -1.0, 6.0, 9.0, -2.0, -1.0, -3.0, -17.0
-4.0, -22.0, -18.0, -9.0, -4.0, -3.0, 3.0, -4.0
-1.0, -5.0, -14.0, -2.0, 14.0, 19.0, 1.0, -7.0
2.0, -3.0, -2.0, 5.0, -1.0, 6.0, -3.0, -21.0
3.0, 0.0, -32.0, -5.0, -1.0, -7.0, -3.0, -16.0
-9.0, -25.0, 27.0, 2.0, -6.0, -12.0, 1.0, -18.0
-2.0, -2.0, -4.0, -7.0, -8.0, -11.0, -2.0, -2.0
2.0, 13.0, -1.0, 5.0, 15.0, 1.0, -2.0, -14.0
-2.0, 3.0, 2.0, -5.0, -7.0, 27.0, -2.0, -11.0
1.0, -14.0, -14.0, 4.0, 1.0, -14.0, -2.0, -20.0
-1.0, -4.0, -1.0, 0.0, 0.0, -2.0, -2.0, -16.0
1.0, 13.0, 13.0, 5.0, -1.0, -9.0, -2.0, -21.0
-1.0, -3.0, -9.0, -6.0, -5.0, -11.0, 2.0, -12.0
-3.0, -11.0, -6.0, 1.0, 2.0, 13.0, 1.0, -10.0
-1.0, -6.0, 5.0, 3.0, 5.0, 2.0, -1.0, -14.0
4.0, 11.0, 1.0, -5.0, -4.0, 2.0, -5.0, -15.0
-2.0, 4.0, -1.0, -1.0, -5.0, 3.0, -2.0, -15.0
-3.0, -13.0, 0.0, 6.0, 0.0, -17.0, 0.0, -9.0
-3.0, -4.0, -13.0, -9.0, -1.0, -5.0, 1.0, -18.0
1.0, 17.0, 7.0, -8.0, 2.0, 8.0, -1.0, -14.0
0.0, 0.0, 6.0, 2.0, -2.0, 5.0, -2.0, -16.0
-1.0, -8.0, -10.0, 9.0, 12.0, 3.0, -2.0, -8.0
-4.0, -1.0, 10.0, -2.0, -9.0, -14.0, -3.0, -14.0
0.0, 7.0, 1.0, -11.0, -8.0, -5.0, -1.0, -19.0
2.0, 3.0, 15.0, 9.0, -2.0, -13.0, 0.0, -13.0
-3.0, -15.0, -23.0, -5.0, 10.0, 23.0, 1.0, -9.0
0.0, -6.0, 2.0, 6.0, 5.0, 9.0, 1.0, -8.0
0.0, 7.0, 1.0, -3.0, -7.0, -5.0, 1.0, -18.0
0.0, 7.0, 12.0, -3.0, -5.0, -13.0, -6.0, -16.0
-1.0, -4.0, -25.0, -8.0, -8.0, -7.0, -1.0, -15.0
-5.0, 3.0, -9.0, -5.0, -7.0, -10.0, -1.0, -5.0
0.0, 1.0, 15.0, 1.0, 14.0, 22.0, -1.0, -14.0
3.0, 1.0, 2.0, 3.0, 0.0, 14.0, -1.0, -10.0
-1.0, -3.0, -11.0, 1.0, -1.0, -9.0, -4.0, -17.0
4.0, -1.0, 4.0, -3.0, -1.0, -2.0, 1.0, -19.0
0.0, 2.0, 4.0, 5.0, -10.0, -3.0, -2.0, -13.0
0.0, 1.0, -5.0, -14.0, 4.0, -20.0, 1.0, -7.0
-7.0, -10.0, 11.0, 12.0, 4.0, 18.0, -1.0, -17.0
0.0, -6.0, 0.0, 5.0, -4.0, -8.0, 0.0, -9.0
4.0, 12.0, 6.0, -8.0, 4.0, 2.0, -2.0, -13.0
1.0, -2.0, 9.0, 8.0, 2.0, 11.0, 1.0, -16.0
-2.0, -6.0, -10.0, -6.0, -9.0, -24.0, -2.0, -6.0
-4.0, -7.0, -4.0, 3.0, -3.0, 15.0, 2.0, -11.0
3.0, 7.0, 9.0, 4.0, 10.0, 8.0, -3.0, -17.0
-1.0, 7.0, -5.0, -8.0, -9.0, -7.0, -6.0, -14.0
-1.0, 0.0, 0.0, 1.0, 1.0, -2.0, -2.0, -17.0
-1.0, -7.0, 5.0, 6.0, 0.0, -2.0, -2.0, -23.0
0.0, -3.0, -11.0, -12.0, -6.0, 3.0, 3.0, -7.0
1.0, 9.0, 5.0, -4.0, 0.0, -8.0, -6.0, -15.0
-2.0, -9.0, 0.0, 10.0, 3.0, 3.0, 0.0, -6.0
-4.0, -6.0, 1.0, 2.0, 8.0, 10.0, -2.0, -13.0
1.0, 3.0, 1.0, -6.0, -17.0, -34.0, -1.0, -16.0
-2.0, 3.0, 2.0, 1.0, -1.0, 7.0, 3.0, -18.0
2.0, -5.0, -1.0, 6.0, 5.0, 15.0, 2.0, -10.0
-1.0, -7.0, -13.0, -2.0, -4.0, -3.0, -1.0, -12.0
0.0, 13.0, -4.0, -9.0, 5.0, -2.0, -2.0, -15.0
1.0, 5.0, -2.0, -6.0, -10.0, -5.0, 0.0, -9.0
-3.0, -12.0, -9.0, 1.0, 3.0, 1.0, 1.0, -19.0
2.0, -5.0, -4.0, 9.0, 9.0, 8.0, 0.0, -11.0
-1.0, 4.0, 13.0, -1.0, -14.0, -6.0, -1.0, -17.0
-3.0, 9.0, 12.0, -4.0, 6.0, -2.0, 0.0, -7.0
14.0, 0.0, -4.0, 4.0, 4.0, 17.0, -1.0, -9.0
-13.0, -10.0, -11.0, -7.0, -10.0, -28.0, -1.0, -4.0
-4.0, 9.0, 11.0, 5.0, 8.0, 10.0, 3.0, -5.0
5.0, 7.0, -8.0, -1.0, 4.0, -4.0, 0.0, -17.0
-13.0, -16.0, 1.0, -6.0, -16.0, -29.0, 2.0, -9.0
7.0, -5.0, 10.0, 0.0, 3.0, 14.0, -1.0, -15.0
7.0, 7.0, 3.0, -2.0, -1.0, 5.0, -4.0, -11.0
-2.0, -1.0, -3.0, 6.0, -3.0, -3.0, -1.0, -13.0
-1.0, 1.0, 4.0, 6.0, 10.0, -8.0, 5.0, -12.0
-7.0, -5.0, -40.0, -12.0, -11.0, 6.0, -4.0, -21.0
2.0, 17.0, 9.0, -3.0, -6.0, -15.0, 2.0, -12.0
1.0, -3.0, 6.0, -4.0, 5.0, 12.0, 3.0, -13.0
5.0, -8.0, -11.0, 21.0, 5.0, 9.0, 3.0, -18.0
-19.0, -5.0, -12.0, -45.0, -12.0, -24.0, -2.0, -21.0
5.0, 15.0, 5.0, 7.0, -2.0, 6.0, 1.0, -18.0
-1.0, 1.0, 1.0, -4.0, -9.0, -3.0, 2.0, -13.0
-1.0, -5.0, -3.0, 8.0, 14.0, 11.0, 2.0, -11.0
3.0, 16.0, 17.0, 4.0, 1.0, 13.0, -1.0, -9.0
6.0, 11.0, 18.0, 17.0, 5.0, 3.0, -7.0, -21.0
-15.0, -22.0, -12.0, -17.0, -5.0, -13.0, -1.0, -20.0
-1.0, -15.0, 10.0, -21.0, -2.0, 3.0, -2.0, -21.0
2.0, -4.0, -10.0, 6.0, 2.0, 0.0, 2.0, -6.0
17.0, 18.0, 40.0, 80.0, 12.0, 14.0, -4.0, -19.0
-23.0, -37.0, 9.0, -71.0, -33.0, -29.0, -4.0, -5.0
-4.0, -3.0, -35.0, 19.0, 9.0, 2.0, -3.0, -15.0
1.0, -13.0, 0.0, 22.0, 7.0, 12.0, 0.0, -15.0
3.0, 5.0, 25.0, -14.0, 5.0, 2.0, -1.0, -7.0
9.0, 10.0, 16.0, 13.0, 5.0, 7.0, 0.0, -19.0
-8.0, -8.0, -27.0, -28.0, -12.0, -20.0, -3.0, -15.0
1.0, 6.0, 22.0, 52.0, 6.0, -24.0, -2.0, -11.0
-7.0, -2.0, -2.0, -19.0, -13.0, 17.0, -5.0, -10.0
10.0, -5.0, 20.0, 12.0, 15.0, 13.0, 2.0, -17.0
-2.0, -3.0, -22.0, -29.0, -4.0, 6.0, -3.0, -14.0
20.0, 15.0, -19.0, 15.0, 20.0, 2.0, 0.0, -19.0
-19.0, -13.0, 13.0, -11.0, -21.0, -28.0, -11.0, -22.0
8.0, 12.0, -22.0, 28.0, 0.0, -6.0, -2.0, -13.0
7.0, 3.0, -10.0, 64.0, 13.0, 26.0, 6.0, -4.0
-23.0, 8.0, 5.0, -105.0, 3.0, -4.0, 18.0, -6.0
9.0, 9.0, -20.0, -7.0, -6.0, -2.0, 30.0, 2.0
23.0, 12.0, 18.0, 67.0, 27.0, 21.0, 3.0, -7.0
-36.0, -10.0, 19.0, 39.0, -31.0, -37.0, -26.0, -31.0
3.0, 3.0, 29.0, 58.0, -1.0, 3.0, -58.0, -52.0
15.0, 2.0, -27.0, -60.0, 7.0, 3.0, -43.0, -43.0
-20.0, -49.0, -54.0, -3.0, -14.0, -12.0, -13.0, -27.0
11.0, -15.0, -54.0, -10.0, 25.0, 23.0, 20.0, 4.0
21.0, 41.0, -49.0, 19.0, 10.0, 14.0, 9.0, -2.0
-55.0, -66.0, 36.0, -90.0, -60.0, -51.0, 13.0, -11.0
22.0, 9.0, 0.0, 19.0, 22.0, 15.0, 17.0, 5.0
1.0, -11.0, -63.0, -12.0, 1.0, 2.0, 3.0, -11.0
7.0, 36.0, -20.0, -25.0, 18.0, 33.0, 6.0, -13.0
22.0, 0.0, 46.0, 92.0, 8.0, 2.0, 5.0, -4.0
-18.0, -2.0, -22.0, -25.0, -26.0, -21.0, -7.0, -19.0
-5.0, -9.0, -40.0, -14.0, 0.0, -5.0, 4.0, -9.0
-36.0, -22.0, 58.0, -16.0, -34.0, -26.0, 9.0, -10.0
28.0, 9.0, 28.0, -22.0, 18.0, 27.0, 10.0, -10.0
0.0, -9.0, 48.0, 32.0, 4.0, -1.0, -3.0, -17.0
8.0, 15.0, 1.0, 53.0, 7.0, 10.0, 4.0, -17.0
4.0, 104.0, 22.0, 57.0, 11.0, -4.0, -14.0, -27.0
-24.0, -8.0, -6.0, 29.0, -18.0, -11.0, 3.0, -8.0
15.0, -6.0, -74.0, -32.0, -23.0, -19.0, -3.0, -14.0
-13.0, 11.0, 17.0, 24.0, 38.0, 22.0, -1.0, -6.0
-2.0, -29.0, -31.0, -10.0, 9.0, 5.0, -3.0, -12.0
-11.0, 5.0, -20.0, -48.0, -21.0, -14.0, -5.0, -13.0
5.0, -43.0, 53.0, 18.0, 14.0, 7.0, 8.0, -8.0
4.0, -24.0, -14.0, -95.0, -29.0, -16.0, -5.0, -9.0
-5.0, -21.0, -27.0, -32.0, -1.0, 2.0, -1.0, -13.0
-27.0, -33.0, -11.0, 69.0, -26.0, -21.0, -1.0, -8.0
5.0, -4.0, -52.0, -17.0, 10.0, 13.0, 4.0, -8.0
33.0, 44.0, 11.0, -27.0, 24.0, 15.0, -5.0, -24.0
-15.0, -19.0, 17.0, 19.0, -33.0, -11.0, 2.0, -12.0
-36.0, 2.0, 22.0, -25.0, 16.0, 16.0, 7.0, -9.0
29.0, -15.0, -50.0, -16.0, 35.0, 40.0, 8.0, -7.0
-24.0, -32.0, 97.0, 31.0, -33.0, -46.0, -11.0, -23.0
27.0, 23.0, 54.0, 64.0, 23.0, 24.0, 6.0, -8.0
1.0, -22.0, 2.0, 0.0, -17.0, -20.0, 8.0, -14.0
-12.0, -14.0, 95.0, 34.0, -10.0, -6.0, 4.0, -11.0
14.0, 42.0, 7.0, 8.0, 36.0, 26.0, -5.0, -11.0
-36.0, -30.0, -69.0, -91.0, -19.0, -7.0, 1.0, -15.0
35.0, 22.0, -33.0, 3.0, 15.0, 10.0, 2.0, -11.0
-27.0, -55.0, -28.0, 4.0, -19.0, -37.0, 1.0, -12.0
-37.0, -51.0, -66.0, -102.0, -55.0, -42.0, 2.0, -20.0
-16.0, -20.0, 8.0, -8.0, -16.0, 10.0, 5.0, -11.0
37.0, 36.0, 9.0, -19.0, 16.0, 10.0, -5.0, -11.0
45.0, 55.0, 28.0, 69.0, 31.0, 19.0, -4.0, -10.0
-22.0, 14.0, -11.0, -76.0, -20.0, -8.0, -4.0, -10.0
-43.0, -27.0, 26.0, 42.0, -35.0, -25.0, 12.0, -8.0
26.0, 31.0, 16.0, -19.0, 14.0, 15.0, -3.0, -21.0
6.0, 8.0, -51.0, 25.0, 13.0, 11.0, -10.0, -22.0
-18.0, 2.0, 31.0, 125.0, 26.0, 15.0, -4.0, -14.0
11.0, 44.0, 30.0, 35.0, 20.0, -2.0, -5.0, -17.0
13.0, -22.0, 3.0, 50.0, 17.0, 13.0, 5.0, -12.0
-44.0, -71.0, -105.0, -83.0, -28.0, -16.0, 10.0, -4.0
37.0, 6.0, 13.0, 62.0, 30.0, 22.0, 7.0, -20.0
-35.0, -45.0, 70.0, 3.0, -12.0, 3.0, 4.0, -13.0
31.0, 5.0, 48.0, 47.0, 34.0, 18.0, 1.0, -17.0
27.0, 31.0, 52.0, 38.0, 5.0, 5.0, -9.0, -16.0
-12.0, -27.0, -63.0, -60.0, -17.0, -11.0, -4.0, -16.0
-28.0, -26.0, -52.0, -58.0, -41.0, -18.0, -3.0, -11.0
-3.0, 33.0, -61.0, -16.0, 0.0, -11.0, -4.0, -13.0
13.0, -15.0, 35.0, 45.0, 5.0, 7.0, 2.0, -21.0
-28.0, 5.0, -16.0, -13.0, -13.0, -17.0, -15.0, -20.0
25.0, 92.0, 20.0, -7.0, 18.0, 16.0, -9.0, -24.0
-39.0, -38.0, -83.0, -27.0, -54.0, -32.0, -18.0, -26.0
-8.0, 18.0, 12.0, 34.0, 10.0, 4.0, -10.0, -23.0
-49.0, 24.0, -59.0, -28.0, -41.0, -32.0, 4.0, -12.0
25.0, 58.0, -6.0, 38.0, 10.0, 7.0, -10.0, -18.0
47.0, 42.0, 22.0, -13.0, 17.0, 15.0, -11.0, -22.0
-3.0, 30.0, 23.0, -36.0, -6.0, 2.0, -8.0, -24.0
8.0, 42.0, 120.0, 78.0, 11.0, 5.0, -14.0, -19.0
-18.0, 23.0, 30.0, 28.0, -31.0, -32.0, -20.0, -26.0
28.0, 65.0, -11.0, 21.0, 17.0, 10.0, -18.0, -23.0
50.0, 33.0, 26.0, 35.0, 28.0, 24.0, -13.0, -17.0
22.0, 93.0, 33.0, 47.0, 15.0, 18.0, -14.0, -27.0
7.0, 52.0, -8.0, -53.0, 1.0, -3.0, -15.0, -26.0
-2.0, 11.0, 29.0, -7.0, -1.0, -6.0, -18.0, -30.0
-34.0, -63.0, -52.0, -84.0, -49.0, -33.0, 2.0, -18.0
13.0, 47.0, -10.0, -12.0, -7.0, -3.0, -10.0, -20.0
-14.0, 14.0, -12.0, 12.0, -15.0, -15.0, -8.0, -15.0
23.0, 47.0, 47.0, 25.0, 9.0, 26.0, 3.0, -9.0
-14.0, 38.0, 72.0, 47.0, -7.0, -13.0, -13.0, -27.0
10.0, -3.0, -45.0, 15.0, 8.0, 6.0, -12.0, -23.0
31.0, 18.0, 5.0, -52.0, -8.0, 16.0, -9.0, -18.0
-30.0, 6.0, -19.0, -31.0, -25.0, -30.0, -9.0, -24.0
6.0, 50.0, 34.0, 4.0, 7.0, -6.0, -8.0, -19.0
3.0, -63.0, 25.0, -11.0, -5.0, 1.0, -5.0, -21.0
96.0, 127.0, 80.0, 76.0, 80.0, 55.0, -10.0, -23.0
2.0, 42.0, 69.0, 88.0, 20.0, 6.0, -10.0, -19.0
7.0, 32.0, -33.0, -11.0, 6.0, 2.0, -4.0, -19.0
-1.0, 51.0, 41.0, -25.0, -3.0, -9.0, -12.0, -24.0
-30.0, -26.0, -23.0, -43.0, -31.0, -18.0, -4.0, -14.0
5.0, 28.0, 46.0, -10.0, 7.0, 14.0, 9.0, -14.0
1.0, -15.0, -37.0, 32.0, 0.0, 13.0, 7.0, -3.0
35.0, 45.0, 109.0, 127.0, 42.0, 33.0, -5.0, -23.0
-8.0, -53.0, -63.0, 10.0, -2.0, -14.0, -4.0, -9.0
-20.0, -9.0, 4.0, -40.0, -38.0, -27.0, -6.0, -18.0
33.0, 50.0, 93.0, 37.0, 24.0, 27.0, 5.0, -5.0
-7.0, -4.0, -45.0, -73.0, -13.0, 0.0, 0.0, -14.0
-2.0, 1.0, 39.0, 58.0, 10.0, -3.0, -5.0, -16.0
14.0, -13.0, -16.0, 39.0, 8.0, 5.0, 0.0, -12.0
-15.0, -18.0, 24.0, -23.0, -5.0, -7.0, 1.0, -14.0
-19.0, -34.0, -46.0, 13.0, -8.0, -5.0, -2.0, -11.0
-1.0, 5.0, 62.0, 35.0, -7.0, -10.0, -12.0, -25.0
14.0, 34.0, -46.0, -59.0, 10.0, -4.0, -7.0, -14.0
2.0, -8.0, -11.0, 12.0, -7.0, 0.0, -2.0, -16.0
-9.0, -31.0, -33.0, 4.0, 4.0, 2.0, 4.0, -1.0
10.0, 21.0, 41.0, 45.0, 6.0, 13.0, -7.0, -24.0
-6.0, -18.0, -54.0, -2.0, -9.0, -4.0, -4.0, -15.0
8.0, 15.0, 60.0, 18.0, 5.0, -15.0, 0.0, -16.0
-59.0, -18.0, -8.0, -48.0, -76.0, -52.0, -2.0, -20.0
14.0, 27.0, -6.0, -43.0, -1.0, 3.0, 4.0, -10.0
5.0, 24.0, 53.0, 27.0, 7.0, 11.0, 0.0, -17.0
-28.0, -25.0, -40.0, -43.0, -31.0, -18.0, -11.0, -12.0
14.0, -1.0, 29.0, 18.0, 21.0, 15.0, -1.0, -13.0
-3.0, -24.0, 7.0, 36.0, -5.0, -22.0, 1.0, -11.0
-48.0, -128.0, -119.0, -75.0, -58.0, -14.0, 12.0, -6.0
8.0, 1.0, -14.0, 8.0, 22.0, 6.0, 4.0, -13.0
12.0, -25.0, 4.0, 57.0, 2.0, 3.0, 2.0, -11.0
-31.0, -16.0, -52.0, -33.0, -8.0, -17.0, -3.0, -15.0
24.0, 41.0, 43.0, 17.0, 15.0, 18.0, 2.0, -14.0
-17.0, -37.0, -36.0, -21.0, -11.0, -3.0, 2.0, -11.0
-2.0, -6.0, 0.0, 0.0, -2.0, -5.0, 1.0, -12.0
62.0, 75.0, 127.0, 91.0, 61.0, 40.0, 6.0, -4.0
-90.0, -98.0, -6.0, -31.0, -68.0, -71.0, 4.0, -14.0
-4.0, -30.0, -25.0, 3.0, 1.0, 6.0, 10.0, -8.0
7.0, 18.0, 11.0, -4.0, 12.0, 0.0, -3.0, -9.0
-14.0, -58.0, -28.0, -43.0, -11.0, -7.0, 4.0, -17.0
26.0, 17.0, 37.0, 27.0, 20.0, 14.0, 3.0, -6.0
-11.0, -52.0, -25.0, -11.0, -4.0, -5.0, 1.0, -9.0
7.0, -34.0, -19.0, 10.0, 8.0, 5.0, 7.0, -9.0
-13.0, -48.0, -57.0, -69.0, -24.0, -2.0, 13.0, -1.0
-20.0, -52.0, -64.0, -32.0, 15.0, -19.0, -6.0, -12.0
8.0, -60.0, 37.0, 10.0, 5.0, 10.0, 7.0, -14.0
10.0, 3.0, 51.0, -3.0, 11.0, 20.0, 1.0, -12.0
-17.0, 36.0, -15.0, -16.0, -9.0, -20.0, -8.0, -18.0
21.0, 4.0, 98.0, -9.0, 21.0, 17.0, 4.0, -7.0
-1.0, -45.0, -2.0, -17.0, -9.0, -4.0, -2.0, -25.0
3.0, 35.0, -17.0, 13.0, 13.0, -6.0, 5.0, -12.0
23.0, 20.0, 37.0, 35.0, 15.0, 26.0, -6.0, -19.0
-99.0, -113.0, -111.0, -76.0, -78.0, -54.0, -4.0, -14.0
-21.0, -24.0, -72.0, -14.0, -22.0, -45.0, -5.0, -16.0
9.0, -5.0, 5.0, 8.0, 6.0, 28.0, 4.0, -9.0
9.0, 50.0, 9.0, 45.0, 13.0, 0.0, -12.0, -29.0
30.0, 35.0, 53.0, 69.0, 20.0, 23.0, -2.0, -15.0
2.0, -17.0, 14.0, 30.0, 15.0, -1.0, -5.0, -24.0
-14.0, 5.0, 23.0, -10.0, -30.0, -17.0, -4.0, -19.0
38.0, 27.0, 15.0, 24.0, 31.0, 30.0, 4.0, -13.0
37.0, 13.0, 59.0, 68.0, 11.0, 21.0, 5.0, -12.0
-18.0, -23.0, 68.0, 60.0, 4.0, 6.0, 12.0, 0.0
-36.0, -27.0, -43.0, -55.0, -42.0, -50.0, -9.0, -19.0
2.0, -19.0, 38.0, -4.0, 0.0, 0.0, 8.0, -8.0
36.0, 20.0, 7.0, 14.0, 17.0, 20.0, 7.0, -9.0
-5.0, -19.0, -13.0, -10.0, -2.0, -1.0, 3.0, -14.0
10.0, -6.0, 13.0, 20.0, 14.0, 17.0, 2.0, -13.0
19.0, -34.0, -20.0, -46.0, -10.0, 6.0, 13.0, -12.0
63.0, 26.0, -91.0, 65.0, 55.0, 20.0, 6.0, -11.0
22.0, -41.0, -15.0, 83.0, 32.0, 50.0, 8.0, -5.0
-41.0, -71.0, -95.0, 12.0, -2.0, -23.0, 4.0, -7.0
-35.0, -31.0, -66.0, 29.0, -35.0, -24.0, -2.0, -17.0
28.0, 45.0, 20.0, 2.0, 23.0, 13.0, 4.0, -19.0
0.0, -15.0, 1.0, -45.0, -12.0, 0.0, 7.0, -6.0
120.0, 127.0, 127.0, 116.0, 107.0, 80.0, 17.0, 0.0
-25.0, 57.0, 101.0, -25.0, -27.0, -32.0, -17.0, -15.0
13.0, 35.0, 92.0, 37.0, 17.0, 6.0, 3.0, -6.0
-10.0, -23.0, 36.0, 2.0, -5.0, -9.0, -1.0, -8.0
-6.0, -1.0, -26.0, -63.0, 18.0, 7.0, 7.0, -7.0
1.0, 67.0, 105.0, 35.0, -1.0, 4.0, -3.0, -13.0
-12.0, 23.0, 53.0, -17.0, -14.0, -18.0, -3.0, -13.0
-12.0, -28.0, -58.0, -78.0, -21.0, -27.0, 7.0, -13.0
0.0, -47.0, -27.0, 15.0, -5.0, 4.0, 0.0, -14.0
-8.0, -64.0, -84.0, -30.0, -5.0, 1.0, 4.0, -14.0
-10.0, -17.0, -33.0, -27.0, -12.0, 1.0, 7.0, -5.0
68.0, 90.0, 20.0, 95.0, 60.0, 42.0, 3.0, -8.0
-63.0, 26.0, 57.0, -8.0, -45.0, -70.0, -15.0, -27.0
-69.0, -41.0, -19.0, -51.0, -66.0, -70.0, -11.0, -25.0
21.0, 31.0, 15.0, 47.0, 27.0, 17.0, 7.0, -4.0
-28.0, -9.0, 2.0, -21.0, -8.0, -12.0, 5.0, -5.0
-12.0, -40.0, 10.0, 5.0, 1.0, -3.0, 0.0, -15.0
14.0, 6.0, -59.0, -13.0, 16.0, 23.0, 5.0, -8.0
42.0, 34.0, 46.0, 76.0, 54.0, 30.0, 5.0, -10.0
-122.0, -83.0, -14.0, -85.0, -105.0, -105.0, -17.0, -20.0
7.0, -36.0, -43.0, 16.0, -10.0, -7.0, 4.0, -11.0
51.0, 52.0, 43.0, 88.0, 45.0, 39.0, 7.0, -4.0
-2.0, -45.0, 2.0, 7.0, -7.0, -12.0, 11.0, -6.0
3.0, -39.0, -69.0, 5.0, 26.0, 28.0, 11.0, -6.0
-19.0, -49.0, -53.0, 10.0, -16.0, -25.0, 9.0, -3.0
9.0, -26.0, -59.0, -8.0, 5.0, 1.0, 3.0, -7.0
-12.0, -59.0, -51.0, -28.0, -7.0, 2.0, 4.0, -9.0
7.0, -35.0, -17.0, -2.0, 15.0, 13.0, 17.0, -1.0
-13.0, -38.0, -20.0, -8.0, -11.0, -14.0, 9.0, -10.0
50.0, 39.0, 84.0, 103.0, 66.0, 67.0, 15.0, -7.0
-46.0, -29.0, -31.0, -5.0, -48.0, -40.0, -7.0, -21.0
-43.0, -86.0, -101.0, -1.0, -12.0, -16.0, 8.0, -12.0
8.0, -9.0, 51.0, 21.0, 14.0, 16.0, 14.0, -5.0
22.0, 7.0, 19.0, 14.0, 32.0, 12.0, 10.0, -9.0
-23.0, -20.0, 65.0, -5.0, -9.0, -2.0, 10.0, 2.0
29.0, -21.0, 29.0, 51.0, 21.0, 22.0, 11.0, -2.0
-46.0, -37.0, -50.0, -59.0, -72.0, -53.0, 6.0, -11.0
-2.0, -8.0, -39.0, -34.0, -10.0, 2.0, 13.0, -2.0
24.0, 5.0, 11.0, 49.0, 17.0, 22.0, 16.0, -5.0
-6.0, 15.0, 77.0, 31.0, -1.0, -2.0, 12.0, -3.0
39.0, 46.0, 10.0, 42.0, 55.0, 32.0, 4.0, -1.0
-32.0, -40.0, -40.0, 3.0, -4.0, -8.0, 0.0, -13.0
-17.0, 9.0, 13.0, -24.0, -25.0, -26.0, -6.0, -20.0
0.0, 18.0, 9.0, -11.0, 22.0, 25.0, 10.0, 0.0
5.0, -32.0, -8.0, 11.0, 10.0, 16.0, -6.0, -19.0
0.0, 17.0, 0.0, -54.0, -13.0, -17.0, -5.0, -8.0
-7.0, -24.0, 0.0, -15.0, 3.0, 10.0, 6.0, -5.0
8.0, 25.0, -16.0, -15.0, 5.0, -4.0, -6.0, -17.0
35.0, 87.0, 47.0, 65.0, 77.0, 58.0, 2.0, -5.0
-58.0, 8.0, -20.0, -74.0, -66.0, -64.0, -29.0, -36.0
33.0, 36.0, -7.0, -23.0, 20.0, 21.0, 4.0, -2.0
-17.0, 70.0, 44.0, 16.0, -13.0, -32.0, -18.0, -31.0
-69.0, -7.0, 35.0, -41.0, -73.0, -28.0, -5.0, -18.0
-9.0, 23.0, -29.0, -45.0, -14.0, -33.0, -9.0, -22.0
4.0, 35.0, 18.0, 20.0, 14.0, 14.0, -8.0, -28.0
40.0, 75.0, 62.0, 22.0, 15.0, 19.0, -6.0, -12.0
-3.0, 18.0, -69.0, -34.0, 4.0, -11.0, -11.0, -16.0
26.0, 74.0, 55.0, 29.0, 11.0, 31.0, 0.0, -11.0
-21.0, 13.0, -19.0, -30.0, -25.0, -12.0, -15.0, -22.0
-3.0, -23.0, -90.0, -41.0, -7.0, -4.0, -2.0, -12.0
-32.0, -50.0, -72.0, -94.0, -49.0, -12.0, -5.0, -17.0
-15.0, 51.0, 83.0, 25.0, -15.0, -25.0, -5.0, -11.0
23.0, 66.0, 8.0, 38.0, 33.0, 12.0, -11.0, -21.0
9.0, 14.0, -16.0, 59.0, 7.0, 14.0, -7.0, -23.0
34.0, 66.0, 37.0, 33.0, 10.0, 10.0, -10.0, -14.0
38.0, 71.0, 80.0, 34.0, 46.0, 37.0, -11.0, -23.0
-59.0, -76.0, 8.0, 22.0, -72.0, -56.0, -27.0, -28.0
-71.0, -41.0, -73.0, -62.0, -55.0, -45.0, -14.0, -27.0
41.0, 40.0, 48.0, 73.0, 19.0, 12.0, -11.0, -28.0
-54.0, -89.0, -78.0, -86.0, -62.0, -47.0, 2.0, -7.0
23.0, 1.0, -63.0, -17.0, -2.0, 14.0, -2.0, -13.0
45.0, 2.0, -47.0, 9.0, 3.0, 10.0, 4.0, -9.0
13.0, 74.0, 97.0, 69.0, 55.0, 29.0, -14.0, -18.0
-36.0, -71.0, -117.0, -35.0, -46.0, -11.0, -17.0, -23.0
-11.0, 45.0, 67.0, 1.0, -3.0, -4.0, 0.0, -11.0
1.0, -7.0, -32.0, -22.0, 10.0, -3.0, -4.0, -17.0
22.0, 8.0, -40.0, -67.0, -1.0, 2.0, 0.0, -13.0
47.0, 58.0, 91.0, 118.0, 43.0, 26.0, 1.0, -8.0
-34.0, -8.0, -63.0, -66.0, -23.0, -17.0, 3.0, -8.0
-4.0, -25.0, -34.0, -7.0, 3.0, -5.0, -10.0, -16.0
20.0, 9.0, 80.0, 127.0, 29.0, 16.0, -1.0, -12.0
-25.0, -78.0, -90.0, -41.0, -22.0, -12.0, -13.0, -24.0
11.0, 13.0, 72.0, 16.0, 6.0, -7.0, -5.0, -11.0
20.0, 23.0, 32.0, 52.0, 32.0, 21.0, 2.0, -19.0
-19.0, -70.0, -91.0, -43.0, -54.0, -19.0, 1.0, -13.0
5.0, 77.0, -14.0, -29.0, 1.0, -10.0, -5.0, -11.0
58.0, 46.0, 7.0, 43.0, 46.0, 42.0, -2.0, -19.0
-51.0, -30.0, 21.0, -87.0, -49.0, -18.0, -9.0, -12.0
-43.0, -43.0, 100.0, 50.0, -31.0, -35.0, 3.0, -13.0
48.0, 83.0, 62.0, 32.0, 18.0, 13.0, -2.0, -17.0
50.0, 43.0, -26.0, 32.0, 39.0, 33.0, 0.0, -10.0
-7.0, 11.0, 16.0, 6.0, 3.0, -5.0, 2.0, -3.0
2.0, 35.0, -7.0, -75.0, -3.0, 1.0, -4.0, -13.0
11.0, 10.0, 2.0, 6.0, 0.0, 8.0, 7.0, -9.0
6.0, -14.0, -48.0, -42.0, 3.0, -2.0, 3.0, -5.0
-20.0, -58.0, 63.0, 58.0, -5.0, -8.0, 3.0, -8.0
5.0, -22.0, 4.0, -9.0, 5.0, 11.0, 13.0, -10.0
18.0, -40.0, 18.0, 20.0, 24.0, 13.0, 5.0, 2.0
9.0, -61.0, -88.0, 1.0, 4.0, 7.0, 8.0, -15.0
-32.0, -18.0, 37.0, -30.0, -37.0, -33.0, 14.0, -10.0
-18.0, -32.0, -41.0, -33.0, 2.0, -13.0, 9.0, -11.0
22.0, -15.0, 104.0, 44.0, 12.0, 13.0, 10.0, -5.0
-24.0, -60.0, 37.0, -31.0, -6.0, -7.0, 12.0, -7.0
7.0, -53.0, -60.0, -45.0, 12.0, 10.0, 5.0, -5.0
14.0, -18.0, 25.0, 45.0, 16.0, 8.0, -4.0, -15.0
29.0, 29.0, -54.0, 41.0, 46.0, 29.0, 1.0, -21.0
-25.0, 2.0, 80.0, 8.0, -5.0, -17.0, -4.0, -11.0
21.0, 2.0, 22.0, 55.0, 56.0, 5.0, 10.0, -12.0
-8.0, -42.0, -31.0, -93.0, -1.0, 2.0, 2.0, -9.0
16.0, -83.0, -106.0, -48.0, -14.0, 1.0, 11.0, -7.0
12.0, 36.0, 61.0, 53.0, 16.0, 10.0, 12.0, -5.0
13.0, -15.0, 4.0, 49.0, 28.0, 19.0, 9.0, 1.0
-21.0, -80.0, -59.0, 33.0, -15.0, -13.0, 8.0, -10.0
-10.0, -30.0, 19.0, -20.0, -12.0, 0.0, 10.0, -2.0
-4.0, -15.0, -4.0, 44.0, 37.0, 2.0, 10.0, -14.0
-35.0, -4.0, 120.0, 41.0, -25.0, -4.0, 8.0, -2.0
36.0, 36.0, 24.0, 71.0, 36.0, 18.0, -2.0, -4.0
35.0, 22.0, 92.0, 15.0, 39.0, 38.0, -3.0, -13.0
6.0, 19.0, -6.0, 51.0, -5.0, -8.0, -6.0, -14.0
38.0, 7.0, -15.0, 62.0, 41.0, 27.0, -4.0, -8.0
-15.0, -43.0, -2.0, -2.0, -16.0, -6.0, 2.0, -7.0
-92.0, -122.0, -8.0, -49.0, -76.0, -55.0, 7.0, -7.0
-13.0, -7.0, -21.0, -17.0, -32.0, -26.0, -5.0, -8.0
5.0, 29.0, 42.0, 2.0, 7.0, 5.0, -4.0, -20.0
9.0, 37.0, 4.0, 48.0, 0.0, 15.0, 5.0, -15.0
-21.0, -27.0, -87.0, -53.0, -46.0, -22.0, -6.0, -15.0
-18.0, -4.0, 38.0, -13.0, -34.0, -33.0, -8.0, -13.0
-12.0, 35.0, -36.0, 2.0, 16.0, 5.0, -6.0, -21.0
13.0, 66.0, -6.0, -4.0, 2.0, 14.0, -5.0, -16.0
5.0, 122.0, 69.0, 12.0, 6.0, -12.0, -20.0, -26.0
-15.0, 28.0, 13.0, -37.0, -18.0, -1.0, -4.0, -21.0
47.0, 111.0, 51.0, 62.0, 34.0, 25.0, -14.0, -19.0
-35.0, -32.0, 72.0, 0.0, -28.0, -14.0, -7.0, -21.0
53.0, 47.0, 40.0, 61.0, 27.0, 17.0, -11.0, -23.0
-49.0, -31.0, -123.0, -106.0, -44.0, -30.0, -23.0, -32.0
24.0, 47.0, -21.0, 54.0, 9.0, 2.0, -6.0, -16.0
19.0, 48.0, -39.0, 52.0, 20.0, 7.0, -11.0, -18.0
10.0, 40.0, 23.0, 40.0, 5.0, 10.0, -2.0, -17.0
11.0, 20.0, 39.0, 42.0, 2.0, 0.0, -12.0, -27.0
-9.0, -8.0, -20.0, -1.0, -14.0, 2.0, -6.0, -20.0
12.0, 45.0, 28.0, -31.0, 11.0, 2.0, -7.0, -21.0
4.0, 26.0, -109.0, -59.0, -8.0, -10.0, -9.0, -18.0
26.0, 62.0, -8.0, 14.0, 20.0, 16.0, -7.0, -15.0
-23.0, -52.0, -45.0, -73.0, -23.0, -10.0, -7.0, -26.0
9.0, 42.0, 27.0, 19.0, 6.0, 7.0, -17.0, -26.0
78.0, 65.0, 127.0, 127.0, 97.0, 65.0, -2.0, -10.0
-59.0, -2.0, 59.0, 30.0, -19.0, -43.0, -14.0, -29.0
-6.0, -25.0, 27.0, 20.0, 10.0, 4.0, -6.0, -19.0
-3.0, -23.0, -85.0, -44.0, -14.0, -13.0, -11.0, -25.0
17.0, 58.0, -21.0, -26.0, -1.0, 8.0, -13.0, -20.0
29.0, 30.0, 13.0, 15.0, 6.0, 18.0, -2.0, -9.0
17.0, 23.0, 3.0, -25.0, 1.0, -8.0, -4.0, -15.0
-3.0, 9.0, -7.0, 8.0, 6.0, 9.0, -6.0, -17.0
-60.0, -128.0, -100.0, -59.0, -44.0, -9.0, 6.0, -10.0
9.0, -7.0, 55.0, 32.0, -36.0, -27.0, 5.0, -13.0
9.0, -17.0, -23.0, -16.0, -5.0, 6.0, 2.0, -12.0
-6.0, -18.0, 1.0, 9.0, 1.0, -6.0, -7.0, -12.0
-13.0, 17.0, 15.0, -18.0, -26.0, -15.0, -5.0, -22.0
42.0, 34.0, 27.0, 47.0, 73.0, 57.0, 9.0, -13.0
-66.0, -37.0, -74.0, -80.0, -96.0, -52.0, 1.0, -23.0
33.0, 81.0, 79.0, 12.0, 15.0, 8.0, 6.0, -12.0
8.0, 68.0, 119.0, 19.0, 12.0, -2.0, -6.0, -20.0
24.0, 57.0, 68.0, 52.0, -18.0, -13.0, -11.0, -22.0
-5.0, -11.0, -72.0, -18.0, 5.0, -4.0, -8.0, -19.0
-6.0, -21.0, 39.0, 33.0, 13.0, 4.0, 1.0, -10.0
-4.0, 37.0, 15.0, 11.0, -21.0, -24.0, -6.0, -19.0
1.0, -18.0, 31.0, -7.0, 2.0, 29.0, 5.0, -14.0
-7.0, -10.0, -27.0, -54.0, 2.0, 16.0, -2.0, -18.0
-31.0, -40.0, 24.0, 0.0, -34.0, -30.0, -3.0, -14.0
11.0, 53.0, 87.0, 44.0, 8.0, -1.0, -7.0, -18.0
-10.0, -40.0, -40.0, -52.0, -12.0, 0.0, -8.0, -18.0
20.0, -7.0, 87.0, 66.0, 38.0, 23.0, 0.0, -8.0
83.0, 116.0, 76.0, 51.0, 66.0, 49.0, 6.0, -14.0
6.0, 37.0, 91.0, 31.0, 17.0, 7.0, -1.0, -14.0
-4.0, -21.0, -24.0, 87.0, -15.0, -12.0, 5.0, -6.0
23.0, 40.0, 58.0, 22.0, 21.0, 13.0, 0.0, -14.0
5.0, 58.0, -110.0, -2.0, 32.0, 17.0, -3.0, -11.0
9.0, 57.0, 82.0, 15.0, 10.0, -5.0, -1.0, -11.0
2.0, 24.0, 29.0, -2.0, 11.0, 10.0, -3.0, -15.0
-4.0, -34.0, -8.0, 41.0, -18.0, -20.0, 6.0, -6.0
-29.0, -46.0, 28.0, -9.0, -3.0, 0.0, -2.0, -10.0
14.0, 10.0, 22.0, 28.0, -7.0, 2.0, 1.0, -15.0
-31.0, 7.0, -27.0, -12.0, -21.0, -16.0, -13.0, -22.0
13.0, -6.0, 19.0, 50.0, 21.0, -6.0, -3.0, -20.0
8.0, -1.0, -15.0, 9.0, 0.0, 12.0, 6.0, -8.0
26.0, 1.0, -10.0, 62.0, 10.0, 0.0, -5.0, -16.0
-18.0, -51.0, 24.0, -60.0, -29.0, -8.0, 3.0, -15.0
19.0, -19.0, 7.0, 47.0, 21.0, 17.0, 7.0, -5.0
-16.0, -42.0, 9.0, -13.0, -22.0, -22.0, -1.0, -12.0
0.0, 0.0, 14.0, -23.0, -2.0, 16.0, 5.0, -15.0
30.0, 50.0, 31.0, -27.0, 24.0, 17.0, 11.0, -12.0
4.0, 18.0, -6.0, 16.0, 34.0, 25.0, 7.0, -2.0
-23.0, -43.0, -20.0, -10.0, -26.0, -31.0, -7.0, -25.0
-43.0, -47.0, -54.0, -19.0, -22.0, -32.0, -5.0, -17.0
11.0, -23.0, -128.0, -36.0, 30.0, 14.0, 2.0, -8.0
-10.0, -23.0, -28.0, 33.0, -5.0, 11.0, -2.0, -9.0
-18.0, -39.0, -31.0, -8.0, -32.0, -25.0, 2.0, -6.0
-7.0, -3.0, 3.0, -6.0, -7.0, -6.0, 0.0, -13.0
12.0, 32.0, -37.0, -18.0, 26.0, -4.0, -8.0, -18.0
5.0, 31.0, -26.0, 2.0, 0.0, 13.0, -7.0, -21.0
-9.0, 55.0, -3.0, 8.0, -6.0, -7.0, -15.0, -24.0
-7.0, 30.0, -25.0, 0.0, -14.0, -14.0, 4.0, -9.0
-32.0, -30.0, 28.0, -10.0, -42.0, -27.0, 0.0, -8.0
-26.0, 31.0, -31.0, -52.0, -19.0, -21.0, -11.0, -26.0
5.0, 68.0, 116.0, 33.0, -3.0, 2.0, -8.0, -17.0
47.0, 44.0, 12.0, 4.0, 32.0, 27.0, -13.0, -25.0
-14.0, 37.0, 63.0, 29.0, 23.0, 11.0, -10.0, -22.0
6.0, 34.0, -28.0, 10.0, -3.0, -1.0, -11.0, -25.0
5.0, 59.0, 90.0, 41.0, 18.0, -7.0, -9.0, -16.0
-36.0, 12.0, -44.0, -83.0, -50.0, -20.0, -17.0, -26.0
22.0, 29.0, 26.0, 3.0, -3.0, 3.0, -7.0, -11.0
-10.0, 6.0, 37.0, -4.0, -3.0, -3.0, -6.0, -16.0
29.0, 49.0, 65.0, 57.0, 34.0, 37.0, -6.0, -18.0
-21.0, 0.0, -22.0, -57.0, -37.0, -32.0, -20.0, -18.0
-15.0, 44.0, 32.0, -41.0, -13.0, -8.0, -8.0, -12.0
-11.0, 13.0, 9.0, -5.0, -22.0, -16.0, -4.0, -21.0
4.0, 12.0, -41.0, -18.0, -3.0, -2.0, -13.0, -22.0
9.0, 36.0, 15.0, 25.0, 19.0, 5.0, 0.0, -14.0
-3.0, 16.0, -60.0, -23.0, -7.0, 11.0, -8.0, -15.0
-6.0, -9.0, -14.0, -29.0, -6.0, -1.0, -5.0, -15.0
-13.0, -30.0, -44.0, -51.0, -28.0, -13.0, -9.0, -19.0
22.0, 30.0, 26.0, 6.0, 19.0, 14.0, -3.0, -19.0
8.0, 46.0, 15.0, 27.0, -2.0, -8.0, -10.0, -24.0
9.0, 9.0, 28.0, 37.0, 24.0, 8.0, -6.0, -13.0
0.0, 6.0, -47.0, 4.0, -6.0, -4.0, -11.0, -17.0
-21.0, 1.0, 55.0, 31.0, -26.0, -9.0, -5.0, -21.0
26.0, 46.0, 23.0, 31.0, 17.0, 10.0, -4.0, -12.0
2.0, -7.0, -12.0, -14.0, -9.0, -8.0, -6.0, -9.0
-3.0, 23.0, 37.0, 6.0, -4.0, -11.0, -7.0, -20.0
15.0, 38.0, 46.0, 47.0, 21.0, 15.0, 1.0, -5.0
-2.0, -40.0, -12.0, -21.0, -23.0, -1.0, -6.0, -14.0
-11.0, -20.0, 21.0, 5.0, -8.0, -17.0, 0.0, -11.0
0.0, -17.0, -18.0, -31.0, -8.0, 4.0, 0.0, -11.0
17.0, 31.0, -21.0, 3.0, 0.0, -3.0, -1.0, -11.0
-2.0, -7.0, -7.0, -1.0, 1.0, 0.0, 1.0, -11.0
-7.0, 3.0, -5.0, -10.0, -3.0, -7.0, -8.0, -9.0
-6.0, -14.0, -17.0, -16.0, -2.0, 13.0, 0.0, -12.0
5.0, 18.0, 7.0, -7.0, -6.0, -8.0, -6.0, -17.0
1.0, 8.0, -7.0, -1.0, -2.0, -7.0, -2.0, -10.0
-2.0, -3.0, 2.0, 18.0, 1.0, -6.0, -4.0, -12.0
-1.0, -18.0, -23.0, -6.0, -5.0, -6.0, 1.0, -17.0
-7.0, -9.0, -18.0, -21.0, -11.0, 10.0, 8.0, -6.0
4.0, -4.0, 9.0, 6.0, 6.0, -6.0, -6.0, -24.0
17.0, 41.0, 66.0, 77.0, 32.0, 19.0, 3.0, -16.0
-22.0, 11.0, 71.0, 9.0, -25.0, -14.0, -10.0, -25.0
-2.0, 5.0, 24.0, 20.0, 5.0, -7.0, 0.0, -19.0
12.0, 14.0, 18.0, 7.0, 3.0, 17.0, 19.0, -2.0
1.0, -8.0, -3.0, -13.0, -4.0, -8.0, -17.0, -28.0
7.0, -6.0, -39.0, -17.0, 1.0, -10.0, 8.0, -7.0
-1.0, -3.0, -24.0, -18.0, -5.0, 0.0, -4.0, -20.0
-4.0, 1.0, -8.0, 4.0, -4.0, -12.0, -1.0, -13.0
-14.0, -15.0, -25.0, -21.0, -10.0, 5.0, 6.0, -11.0
18.0, -10.0, -14.0, -4.0, -4.0, 23.0, 22.0, 5.0
-14.0, -16.0, -31.0, -19.0, -6.0, -38.0, -30.0, -34.0
9.0, -12.0, -23.0, -13.0, -2.0, 5.0, 9.0, -10.0
-12.0, -8.0, -5.0, -12.0, -8.0, -15.0, -4.0, -10.0
-4.0, -19.0, -16.0, 10.0, 3.0, 2.0, -5.0, -22.0
11.0, 8.0, 7.0, 3.0, 2.0, 17.0, 11.0, 1.0
-13.0, -47.0, -11.0, -3.0, 4.0, 2.0, 11.0, -6.0
-4.0, -7.0, -14.0, -19.0, -7.0, -5.0, 3.0, -9.0
-10.0, -9.0, -15.0, -2.0, 3.0, -6.0, 9.0, -9.0
-1.0, -23.0, -20.0, -7.0, 6.0, 14.0, 7.0, -8.0
-8.0, -28.0, -23.0, -11.0, 2.0, -2.0, 4.0, -8.0
-6.0, -12.0, 10.0, 0.0, -3.0, 0.0, 12.0, -11.0
-18.0, -7.0, -17.0, -8.0, -2.0, -13.0, -9.0, -17.0
19.0, -4.0, -13.0, 6.0, 4.0, -1.0, 8.0, -12.0
-1.0, -10.0, 23.0, 9.0, 3.0, -10.0, -1.0, -16.0
-12.0, -16.0, -39.0, -25.0, -2.0, -3.0, 9.0, -10.0
-7.0, -5.0, -17.0, -1.0, -2.0, -4.0, -2.0, -18.0
-1.0, -3.0, 1.0, -5.0, -5.0, 6.0, 5.0, -14.0
-8.0, -23.0, -2.0, 7.0, 6.0, -7.0, -4.0, -17.0
-8.0, -19.0, -17.0, -1.0, -7.0, -3.0, 0.0, -19.0
5.0, 3.0, 0.0, -6.0, -2.0, -13.0, -2.0, -17.0
-1.0, 11.0, 2.0, -7.0, -4.0, 5.0, 1.0, -12.0
5.0, -8.0, -17.0, -2.0, -1.0, 8.0, 5.0, -11.0
-9.0, -8.0, -14.0, -3.0, 1.0, -2.0, -2.0, -11.0
-7.0, -5.0, -7.0, -6.0, -1.0, 8.0, -2.0, -12.0
-1.0, -4.0, -7.0, -6.0, -2.0, -3.0, 3.0, -14.0
6.0, -4.0, -5.0, 6.0, -2.0, -3.0, 1.0, -13.0
2.0, -8.0, 5.0, 0.0, 0.0, -4.0, -3.0, -18.0
4.0, 0.0, 8.0, 2.0, -4.0, -9.0, -5.0, -9.0
1.0, -11.0, -18.0, 4.0, 4.0, 9.0, -6.0, -14.0
-11.0, -8.0, -14.0, -6.0, -5.0, -13.0, -5.0, -23.0
4.0, -5.0, 13.0, 5.0, 10.0, 5.0, 1.0, -11.0
-1.0, -5.0, -23.0, -2.0, -7.0, -1.0, -3.0, -13.0
1.0, 10.0, 23.0, 18.0, -4.0, -5.0, -3.0, -15.0
0.0, -1.0, -6.0, -1.0, 1.0, -5.0, 2.0, -12.0
-6.0, -11.0, -2.0, -4.0, -2.0, 8.0, -1.0, -14.0
7.0, 11.0, -6.0, -4.0, 2.0, -4.0, -7.0, -14.0
-5.0, 0.0, -3.0, -6.0, -1.0, 13.0, 2.0, -7.0
3.0, -2.0, -1.0, 0.0, 1.0, 0.0, -1.0, -18.0
-1.0, 1.0, -10.0, 2.0, -3.0, -3.0, -1.0, -10.0
2.0, 18.0, 5.0, -1.0, 0.0, -1.0, -2.0, -12.0
-5.0, 3.0, 8.0, -9.0, -6.0, -5.0, -2.0, -13.0
2.0, -16.0, 3.0, 5.0, 7.0, 14.0, 5.0, -13.0
10.0, -3.0, -15.0, -1.0, 0.0, -13.0, 0.0, -13.0
1.0, 18.0, 9.0, 0.0, 0.0, 5.0, -6.0, -11.0
5.0, -2.0, 7.0, -7.0, -3.0, -16.0, 1.0, -5.0
2.0, -2.0, 2.0, 2.0, -3.0, 5.0, 2.0, -2.0
-8.0, 1.0, -5.0, -2.0, 5.0, 7.0, 2.0, -7.0
-3.0, 16.0, -4.0, -1.0, 2.0, 13.0, -5.0, -12.0
0.0, 4.0, 6.0, -6.0, -6.0, -27.0, 0.0, -7.0
-1.0, -6.0, -14.0, -6.0, -7.0, -4.0, -2.0, -3.0
-2.0, 0.0, 7.0, 2.0, -1.0, 1.0, 3.0, -12.0
-4.0, 10.0, 7.0, 4.0, 9.0, 8.0, -1.0, -8.0
-3.0, 1.0, -16.0, -11.0, -9.0, 3.0, 1.0, -3.0
-10.0, -21.0, -9.0, 1.0, 2.0, 2.0, 3.0, -10.0
10.0, -1.0, 4.0, -2.0, -1.0, -3.0, -3.0, -21.0
-3.0, 0.0, 3.0, 1.0, -7.0, -2.0, -4.0, -22.0
2.0, 0.0, 1.0, 4.0, 5.0, -1.0, 3.0, -16.0
-10.0, -18.0, -5.0, -6.0, -6.0, -6.0, 1.0, -3.0
-2.0, 0.0, -12.0, -1.0, 3.0, 8.0, 0.0, -9.0
3.0, 15.0, 16.0, 3.0, 2.0, -8.0, -5.0, -14.0
7.0, 1.0, 1.0, -1.0, -3.0, 8.0, 0.0, -14.0
-6.0, -16.0, -10.0, -2.0, -2.0, 1.0, 1.0, -20.0
-9.0, -1.0, 0.0, 7.0, 8.0, 4.0, -3.0, -23.0
1.0, 11.0, -9.0, -16.0, -7.0, -7.0, -3.0, -12.0
-5.0, -1.0, -7.0, 1.0, 0.0, 12.0, 0.0, -12.0
0.0, -24.0, -9.0, -1.0, 2.0, 1.0, 4.0, -11.0
-5.0, -1.0, -1.0, 0.0, -2.0, -2.0, -1.0, -10.0
1.0, 14.0, 11.0, -3.0, -4.0, -8.0, -2.0, -10.0
3.0, 3.0, 0.0, -2.0, -3.0, -18.0, 1.0, -17.0
0.0, -14.0, -8.0, -3.0, 7.0, 18.0, 6.0, -4.0
-6.0, -1.0, -6.0, 1.0, -4.0, 1.0, 0.0, -3.0
0.0, 12.0, 6.0, 2.0, -2.0, 0.0, -5.0, -20.0
1.0, 1.0, -4.0, 0.0, -1.0, -12.0, -1.0, -17.0
0.0, -10.0, -3.0, 1.0, -1.0, -3.0, 4.0, -12.0
-5.0, -1.0, -3.0, 1.0, 2.0, 3.0, 1.0, -7.0
2.0, 23.0, 1.0, -1.0, -2.0, 3.0, -1.0, -14.0
0.0, 3.0, 20.0, 8.0, 1.0, 5.0, -3.0, -20.0
-3.0, -21.0, -10.0, -3.0, -2.0, -10.0, 3.0, -15.0
-5.0, -3.0, -2.0, 0.0, -6.0, 0.0, -1.0, -12.0
2.0, 29.0, 10.0, 1.0, 4.0, -2.0, 0.0, -16.0
4.0, 4.0, 2.0, -7.0, -6.0, -6.0, 0.0, -12.0
-6.0, -27.0, -15.0, 0.0, 2.0, -2.0, -2.0, -6.0
0.0, -6.0, -8.0, 0.0, 4.0, 7.0, 0.0, -12.0
-1.0, 12.0, 41.0, 8.0, -7.0, -5.0, -3.0, -12.0
0.0, 8.0, -15.0, -7.0, 4.0, 1.0, -2.0, -11.0
-3.0, -16.0, -7.0, -2.0, -2.0, -6.0, 3.0, -16.0
-5.0, -4.0, -5.0, 0.0, 3.0, -17.0, -1.0, -10.0
1.0, 18.0, 1.0, -1.0, -2.0, 5.0, -5.0, -17.0
1.0, 3.0, -2.0, -6.0, -8.0, 4.0, -1.0, -14.0
0.0, -5.0, -7.0, 0.0, -1.0, -13.0, 2.0, -10.0
-4.0, -3.0, -3.0, -1.0, 5.0, 23.0, 4.0, -20.0
-1.0, 17.0, -9.0, -4.0, -3.0, -5.0, -4.0, -17.0
0.0, -2.0, 7.0, -3.0, -5.0, 5.0, 0.0, -14.0
-3.0, -18.0, -12.0, 4.0, 5.0, 0.0, 1.0, -9.0
0.0, 0.0, 9.0, -1.0, -1.0, -11.0, 0.0, -15.0
0.0, 16.0, 1.0, -4.0, -1.0, -2.0, -2.0, -18.0
3.0, 2.0, -6.0, -4.0, -6.0, 2.0, -3.0, -10.0
-3.0, -15.0, -2.0, 2.0, 14.0, 12.0, 2.0, -13.0
-3.0, -4.0, 1.0, 1.0, -5.0, -22.0, 0.0, -15.0
2.0, 27.0, 6.0, -5.0, -6.0, 8.0, -1.0, -15.0
-1.0, 4.0, -8.0, 4.0, 3.0, -6.0, -5.0, -10.0
-3.0, -7.0, 6.0, 3.0, 3.0, 10.0, 1.0, -9.0
-3.0, -3.0, 3.0, 6.0, -1.0, 3.0, -2.0, -12.0
5.0, 21.0, 3.0, 1.0, 1.0, -3.0, -5.0, -14.0
4.0, 5.0, -1.0, -3.0, -4.0, -8.0, -3.0, -14.0
-5.0, -19.0, -9.0, 0.0, -1.0, -2.0, 2.0, -4.0
-3.0, -4.0, 1.0, -2.0, -1.0, -3.0, -4.0, -18.0
5.0, 18.0, -1.0, -5.0, -3.0, -5.0, 0.0, -18.0
-1.0, 5.0, 6.0, -2.0, -1.0, 11.0, -3.0, -14.0
-7.0, -17.0, -11.0, -1.0, 0.0, -6.0, -1.0, -17.0
1.0, 0.0, -2.0, -2.0, -3.0, 0.0, 1.0, -11.0
3.0, 7.0, 3.0, -2.0, -3.0, -3.0, -4.0, -21.0
5.0, 4.0, 12.0, 0.0, -8.0, -15.0, 5.0, -7.0
-5.0, -25.0, -14.0, 4.0, 16.0, 18.0, 1.0, -18.0
-3.0, -3.0, 4.0, 6.0, -5.0, 10.0, -4.0, -16.0
0.0, 15.0, 3.0, 1.0, -2.0, -4.0, -4.0, -17.0
-1.0, 4.0, -1.0, -5.0, -3.0, 0.0, 0.0, -17.0
-2.0, -17.0, -2.0, 1.0, -12.0, -19.0, 0.0, -20.0
1.0, -4.0, -2.0, -5.0, 2.0, -2.0, -2.0, -19.0
1.0, 9.0, 8.0, 7.0, 1.0, 9.0, -2.0, -18.0
0.0, 6.0, -13.0, -20.0, -5.0, -7.0, 1.0, -10.0
-3.0, -11.0, -8.0, 3.0, 3.0, 7.0, 3.0, -18.0
-2.0, -2.0, -11.0, 3.0, 4.0, 1.0, -3.0, -12.0
5.0, 18.0, 2.0, -10.0, -6.0, -5.0, -2.0, -17.0
-1.0, 3.0, 1.0, 5.0, 3.0, 3.0, 1.0, -15.0
-1.0, -5.0, -4.0, -4.0, -7.0, -3.0, 1.0, -14.0
-3.0, -3.0, 5.0, -4.0, 5.0, 1.0, -1.0, -9.0
3.0, 8.0, 2.0, 9.0, -1.0, 1.0, -5.0, -17.0
1.0, 5.0, -4.0, -6.0, -1.0, 1.0, -1.0, -20.0
-4.0, -27.0, -8.0, -1.0, -2.0, 4.0, 3.0, -9.0
2.0, 1.0, 15.0, 1.0, -12.0, -24.0, -2.0, -13.0
2.0, -8.0, -2.0, 2.0, 11.0, 17.0, 1.0, -6.0
-3.0, 4.0, 0.0, -3.0, 5.0, -2.0, -2.0, -15.0
-4.0, -13.0, -8.0, 2.0, -4.0, -6.0, -3.0, -18.0
-2.0, -5.0, 5.0, 2.0, -1.0, -7.0, 3.0, -22.0
6.0, 16.0, 0.0, -19.0, -7.0, -10.0, -1.0, -18.0
1.0, 2.0, -2.0, 5.0, 0.0, 11.0, 0.0, -16.0
-4.0, -14.0, -3.0, -1.0, 3.0, -6.0, 0.0, -18.0
0.0, -4.0, 7.0, 10.0, 0.0, 0.0, 0.0, -15.0
-1.0, 10.0, -16.0, -23.0, -7.0, -3.0, -3.0, -11.0
0.0, 2.0, -1.0, 11.0, 2.0, 15.0, 4.0, -10.0
-5.0, -18.0, -5.0, 2.0, 15.0, -3.0, 0.0, -13.0
-4.0, -5.0, -4.0, -1.0, -6.0, -7.0, -2.0, -15.0
2.0, 7.0, 17.0, 5.0, -2.0, 3.0, -2.0, -12.0
0.0, 1.0, -4.0, -4.0, 1.0, -5.0, -2.0, -5.0
-3.0, -9.0, 0.0, -1.0, -5.0, -9.0, 0.0, -15.0
-4.0, -6.0, -30.0, -11.0, -2.0, 11.0, 0.0, -13.0
3.0, 9.0, 15.0, 0.0, -5.0, -12.0, -3.0, -20.0
0.0, 5.0, -8.0, -1.0, -2.0, 2.0, -1.0, -21.0
-6.0, -11.0, -5.0, 8.0, 3.0, 1.0, 3.0, -10.0
0.0, -6.0, 1.0, -4.0, -1.0, 0.0, -2.0, -9.0
1.0, 9.0, 1.0, 8.0, 5.0, 0.0, -2.0, -17.0
1.0, 4.0, -4.0, -1.0, 0.0, -2.0, -1.0, -14.0
-4.0, -6.0, -3.0, -2.0, -3.0, 3.0, -3.0, -9.0
-1.0, -6.0, 2.0, -6.0, -3.0, -2.0, -2.0, -14.0
4.0, 12.0, 5.0, -5.0, -8.0, -16.0, 3.0, -10.0
1.0, 2.0, 5.0, 6.0, 11.0, 10.0, 0.0, -16.0
-4.0, -12.0, -12.0, 0.0, -3.0, -4.0, -3.0, -13.0
-2.0, -8.0, -3.0, -2.0, 1.0, 9.0, 4.0, -17.0
3.0, 10.0, 11.0, -1.0, -6.0, -4.0, -5.0, -13.0
-1.0, 6.0, -3.0, -5.0, -3.0, -12.0, -1.0, -10.0
-3.0, 0.0, -6.0, -2.0, 0.0, 1.0, -1.0, -15.0
1.0, -5.0, 0.0, -1.0, 2.0, 1.0, 2.0, -8.0
-1.0, 7.0, 13.0, 5.0, 7.0, 12.0, 1.0, -9.0
-2.0, 4.0, 0.0, 2.0, -4.0, -8.0, 1.0, -10.0
-6.0, -12.0, -23.0, -5.0, 3.0, 1.0, -3.0, -19.0
0.0, -4.0, 4.0, 3.0, 0.0, -4.0, 0.0, -5.0
4.0, 8.0, 5.0, -3.0, -2.0, 6.0, -1.0, -12.0
2.0, 4.0, -2.0, -2.0, -1.0, 1.0, -2.0, -11.0
-4.0, -12.0, -2.0, 0.0, 0.0, -1.0, 1.0, -14.0
-6.0, -5.0, 0.0, -1.0, 1.0, -2.0, -2.0, -17.0
2.0, 17.0, 3.0, -11.0, -15.0, -15.0, -2.0, -11.0
-2.0, -4.0, -4.0, 6.0, 17.0, 12.0, 0.0, -13.0
-1.0, -14.0, -5.0, 8.0, -1.0, 2.0, 2.0, -3.0
-2.0, 0.0, -1.0, -1.0, -3.0, -4.0, -1.0, -12.0
4.0, 14.0, 6.0, -7.0, -6.0, -5.0, -2.0, -12.0
-2.0, 0.0, 1.0, -9.0, -16.0, -13.0, -4.0, -12.0
-3.0, -10.0, -5.0, 7.0, 30.0, 10.0, 0.0, -12.0
-2.0, -6.0, -7.0, -6.0, 0.0, 4.0, -2.0, -14.0
0.0, 9.0, 4.0, 0.0, 1.0, 7.0, -2.0, -18.0
2.0, 8.0, -10.0, 0.0, -9.0, -1.0, -1.0, -11.0
-3.0, -4.0, 4.0, -2.0, -4.0, -2.0, -3.0, -10.0
3.0, 0.0, 0.0, 0.0, 0.0, 0.0, -1.0, -14.0
0.0, -2.0, 2.0, -2.0, 2.0, 0.0, -1.0, -12.0
-3.0, -7.0, -4.0, -1.0, 3.0, 2.0, -2.0, -10.0
-3.0, -4.0, -3.0, 0.0, -5.0, -5.0, 0.0, -10.0
2.0, 0.0, -2.0, -1.0, 0.0, -9.0, 0.0, -15.0
7.0, 10.0, 13.0, 1.0, -8.0, 8.0, -2.0, -12.0
-1.0, -8.0, 7.0, 4.0, 10.0, -1.0, -1.0, -23.0
-8.0, -13.0, -9.0, -7.0, -4.0, -3.0, -1.0, -17.0
10.0, -1.0, 8.0, 4.0, -2.0, 8.0, -1.0, -5.0
4.0, 7.0, 1.0, 1.0, 1.0, 4.0, 0.0, -17.0
-21.0, -5.0, -7.0, -10.0, -6.0, -28.0, -3.0, -7.0
3.0, 15.0, 0.0, -4.0, -3.0, 9.0, 2.0, -16.0
-4.0, -5.0, 6.0, 11.0, 1.0, 7.0, 0.0, -8.0
4.0, 15.0, 1.0, -6.0, -4.0, -1.0, -1.0, -9.0
9.0, 6.0, -2.0, 6.0, 5.0, 8.0, -1.0, -25.0
2.0, -6.0, -6.0, -7.0, -2.0, -10.0, -2.0, -9.0
-8.0, 0.0, 1.0, 2.0, 0.0, 7.0, 0.0, -16.0
5.0, 4.0, -5.0, -6.0, -1.0, -1.0, -1.0, -19.0
10.0, -3.0, 1.0, -2.0, -6.0, 3.0, -1.0, -7.0
-10.0, -14.0, 0.0, 3.0, -5.0, 2.0, -1.0, -11.0
13.0, 9.0, 2.0, -1.0, 0.0, -10.0, -1.0, -6.0
-10.0, 3.0, 5.0, 6.0, -1.0, -5.0, -2.0, -18.0
1.0, -9.0, -15.0, -19.0, -9.0, -1.0, 3.0, -16.0
-13.0, -16.0, -15.0, 9.0, 2.0, -2.0, -3.0, -10.0
15.0, 7.0, 7.0, -2.0, 5.0, 2.0, 0.0, -14.0
-5.0, 3.0, -2.0, -8.0, -8.0, 1.0, 0.0, -18.0
14.0, 16.0, 3.0, 2.0, -3.0, -1.0, -2.0, -17.0
-1.0, -10.0, -23.0, -3.0, -4.0, 4.0, 6.0, -14.0
-24.0, 0.0, -5.0, 1.0, -4.0, -26.0, -9.0, -26.0
8.0, 11.0, -4.0, -1.0, 5.0, 5.0, -1.0, -11.0
6.0, 11.0, 8.0, 3.0, 1.0, 11.0, 0.0, -10.0
-1.0, -5.0, 7.0, 1.0, -3.0, -9.0, -1.0, -14.0
8.0, -8.0, -13.0, 3.0, -1.0, 4.0, 3.0, -12.0
10.0, 0.0, 8.0, -4.0, 4.0, -5.0, -1.0, -17.0
-3.0, 4.0, 6.0, 5.0, -3.0, 7.0, 1.0, -10.0
-16.0, -11.0, -6.0, 2.0, -11.0, -19.0, -5.0, -20.0
10.0, 17.0, 15.0, 4.0, 1.0, 2.0, 4.0, -9.0
6.0, 7.0, 3.0, -9.0, 4.0, 4.0, -2.0, -10.0
-53.0, -27.0, -2.0, -4.0, -1.0, -5.0, 3.0, -15.0
25.0, -6.0, -8.0, 0.0, 3.0, 15.0, 1.0, -12.0
-8.0, -17.0, -1.0, 0.0, -4.0, -3.0, -6.0, -13.0
-14.0, -24.0, 0.0, 8.0, 1.0, -2.0, -3.0, -15.0
39.0, 13.0, -22.0, -27.0, -6.0, -11.0, 8.0, -10.0
-31.0, -2.0, 8.0, 27.0, 16.0, 10.0, -1.0, -14.0
-19.0, 14.0, -19.0, -17.0, -4.0, -4.0, -5.0, -25.0
17.0, 14.0, 1.0, 6.0, -6.0, -9.0, 0.0, -4.0
3.0, -4.0, -18.0, 2.0, 9.0, 8.0, -1.0, -17.0
-3.0, -5.0, 1.0, -11.0, -10.0, -12.0, -1.0, -16.0
89.0, 37.0, 9.0, -6.0, 1.0, 18.0, 3.0, -21.0
-52.0, -56.0, -3.0, 9.0, 3.0, 5.0, 5.0, -18.0
-121.0, -38.0, -40.0, 14.0, 2.0, -28.0, -15.0, -26.0
35.0, 4.0, -2.0, -43.0, -9.0, -2.0, 6.0, -15.0
-3.0, -24.0, 11.0, 13.0, 2.0, 0.0, 1.0, -6.0
49.0, 7.0, 19.0, 3.0, -9.0, -9.0, -4.0, -14.0
13.0, 15.0, 19.0, 10.0, 1.0, 17.0, 4.0, -10.0
-68.0, -30.0, -28.0, 7.0, 8.0, 2.0, 35.0, 10.0
23.0, 32.0, 29.0, -3.0, -10.0, -7.0, 41.0, 15.0
48.0, 42.0, 27.0, -25.0, 0.0, -2.0, 29.0, -2.0
43.0, 15.0, 17.0, 8.0, -6.0, 0.0, -35.0, -36.0
-11.0, 5.0, -4.0, 3.0, -4.0, 3.0, -52.0, -44.0
-42.0, -16.0, 11.0, 3.0, 12.0, 8.0, -52.0, -47.0
-13.0, -5.0, -41.0, -21.0, -17.0, -10.0, -38.0, -46.0
8.0, -28.0, -44.0, 21.0, 27.0, 10.0, -1.0, -21.0
-19.0, -4.0, -1.0, -6.0, -16.0, -14.0, -19.0, -20.0
32.0, 11.0, -17.0, -5.0, 3.0, 0.0, -3.0, -13.0
-41.0, 2.0, 15.0, 16.0, -7.0, 2.0, 15.0, 2.0
28.0, 6.0, -13.0, -57.0, -2.0, -11.0, 23.0, 11.0
98.0, 75.0, 32.0, 5.0, -2.0, 13.0, 18.0, 2.0
-75.0, -32.0, -44.0, -6.0, -3.0, 7.0, 14.0, -1.0
-47.0, -112.0, -27.0, 22.0, 29.0, -19.0, -35.0, -32.0
48.0, 9.0, -7.0, -13.0, -23.0, 3.0, 25.0, 4.0
9.0, -3.0, 8.0, 16.0, 14.0, -15.0, -20.0, -29.0
27.0, 7.0, 37.0, -34.0, -20.0, 8.0, -19.0, -24.0
-3.0, 33.0, 12.0, 13.0, -5.0, 11.0, -13.0, -22.0
2.0, -13.0, 9.0, 1.0, -7.0, -4.0, 2.0, -7.0
-12.0, -33.0, -67.0, -5.0, 42.0, 22.0, 39.0, 10.0
32.0, 71.0, 20.0, 32.0, -10.0, -18.0, -3.0, -21.0
-24.0, -18.0, -25.0, -27.0, -11.0, -15.0, 0.0, -8.0
40.0, -11.0, 64.0, 47.0, -11.0, 7.0, 44.0, 22.0
-50.0, 21.0, -4.0, -24.0, -15.0, -18.0, 1.0, -15.0
42.0, 120.0, 24.0, 17.0, 22.0, 13.0, 36.0, 11.0
74.0, 27.0, 9.0, 6.0, 14.0, 24.0, 33.0, 9.0
-76.0, -128.0, -61.0, -42.0, 9.0, -22.0, -75.0, -70.0
26.0, 101.0, 57.0, -10.0, -31.0, -25.0, -23.0, -30.0
-22.0, 23.0, -31.0, 5.0, 3.0, -6.0, -8.0, -24.0
14.0, 49.0, 22.0, 18.0, -29.0, -15.0, -74.0, -68.0
11.0, -15.0, 49.0, -54.0, 8.0, 25.0, 8.0, -7.0
-6.0, -23.0, -15.0, 42.0, 6.0, 13.0, 4.0, -13.0
-77.0, -59.0, -75.0, -53.0, -17.0, -26.0, -3.0, -19.0
-2.0, -79.0, -7.0, 52.0, 16.0, 10.0, 25.0, 6.0
7.0, 19.0, 1.0, 19.0, 9.0, -1.0, 13.0, -7.0
-64.0, -60.0, -42.0, -23.0, -13.0, -13.0, 13.0, -3.0
73.0, 62.0, 89.0, 99.0, 14.0, 5.0, 23.0, -1.0
-10.0, 45.0, 5.0, -79.0, -6.0, 15.0, 10.0, -4.0
32.0, 10.0, -7.0, 64.0, 3.0, -15.0, -13.0, -28.0
-44.0, -25.0, -41.0, -59.0, 0.0, 13.0, 10.0, 2.0
11.0, 68.0, 14.0, 20.0, 13.0, 10.0, -2.0, -15.0
-11.0, -30.0, -36.0, -20.0, -11.0, -22.0, -7.0, -16.0
-21.0, 38.0, -14.0, 7.0, -5.0, -13.0, -3.0, -23.0
92.0, 37.0, 72.0, 16.0, -6.0, -2.0, 12.0, -7.0
-73.0, -95.0, -36.0, 3.0, 19.0, 11.0, -32.0, -34.0
-47.0, -9.0, -61.0, -55.0, 4.0, 11.0, 7.0, -8.0
45.0, 37.0, 26.0, -22.0, -22.0, 8.0, 10.0, 1.0
36.0, -23.0, 7.0, 1.0, -8.0, -4.0, 5.0, -9.0
-72.0, -69.0, -44.0, -92.0, -21.0, -7.0, 0.0, -9.0
-11.0, -90.0, 29.0, 41.0, 10.0, -12.0, -13.0, -27.0
18.0, 41.0, 16.0, 31.0, 6.0, -5.0, 14.0, -2.0
-45.0, -46.0, 22.0, -12.0, -1.0, 6.0, -11.0, -21.0
48.0, 38.0, -12.0, -32.0, -6.0, -2.0, 8.0, -15.0
37.0, 63.0, 51.0, 13.0, -5.0, 15.0, -3.0, -16.0
-21.0, 0.0, -21.0, -21.0, -15.0, -6.0, 1.0, -17.0
-13.0, -18.0, 8.0, 27.0, 21.0, 7.0, -4.0, -16.0
52.0, 42.0, 60.0, 23.0, -40.0, -19.0, -2.0, -19.0
-5.0, 30.0, -19.0, 0.0, 21.0, 3.0, 12.0, -6.0
-44.0, -123.0, -74.0, -64.0, 27.0, 21.0, 2.0, -13.0
17.0, 10.0, 10.0, 30.0, -7.0, 4.0, 15.0, -8.0
10.0, -40.0, 5.0, 17.0, 6.0, 5.0, 11.0, -2.0
34.0, 13.0, 22.0, -5.0, -11.0, -11.0, 21.0, 0.0
-73.0, -106.0, -3.0, 31.0, 6.0, -1.0, 11.0, -5.0
14.0, -4.0, -18.0, 37.0, 22.0, 4.0, 13.0, -2.0
-30.0, -34.0, -21.0, -59.0, 2.0, 4.0, 2.0, -8.0
-40.0, -32.0, 31.0, -5.0, -10.0, -4.0, 16.0, -3.0
53.0, 13.0, -10.0, 48.0, 12.0, 2.0, 0.0, -14.0
-3.0, 18.0, -9.0, -25.0, -16.0, 0.0, 20.0, -7.0
-48.0, -57.0, -10.0, 21.0, -5.0, 5.0, -2.0, -18.0
22.0, 28.0, -11.0, 15.0, 22.0, 8.0, 20.0, -5.0
8.0, -13.0, 41.0, 39.0, -12.0, 8.0, 18.0, -6.0
-25.0, -36.0, -66.0, -67.0, 4.0, -3.0, -2.0, -17.0
45.0, 81.0, 65.0, 44.0, -9.0, -7.0, 9.0, -4.0
-55.0, -74.0, -96.0, -75.0, 5.0, -19.0, 12.0, -4.0
17.0, -60.0, 10.0, -17.0, -17.0, 14.0, -2.0, -24.0
61.0, 38.0, 28.0, 48.0, 25.0, 7.0, 12.0, -9.0
-86.0, -46.0, -40.0, -67.0, -18.0, -25.0, -5.0, -17.0
39.0, 58.0, 7.0, 110.0, 6.0, -3.0, 9.0, -6.0
-14.0, -62.0, 30.0, -42.0, 9.0, 8.0, 10.0, -3.0
71.0, 18.0, 39.0, 29.0, -17.0, 3.0, 1.0, -12.0
-30.0, -22.0, -57.0, -53.0, 22.0, 9.0, -6.0, -16.0
23.0, 29.0, 57.0, 32.0, -11.0, 5.0, 7.0, -14.0
-32.0, -34.0, -39.0, -37.0, -5.0, -22.0, -5.0, -19.0
35.0, 32.0, -18.0, 56.0, 24.0, 1.0, -9.0, -17.0
-54.0, -22.0, 23.0, -8.0, -8.0, -5.0, -8.0, -29.0
34.0, -2.0, 9.0, -33.0, 5.0, 13.0, -10.0, -23.0
6.0, 89.0, -12.0, -26.0, -17.0, -5.0, 9.0, -2.0
23.0, 18.0, 28.0, -7.0, -5.0, -22.0, -6.0, -17.0
-55.0, -14.0, -34.0, 10.0, 14.0, 20.0, -31.0, -26.0
43.0, 42.0, 22.0, -23.0, -11.0, 0.0, -4.0, -22.0
26.0, 26.0, 12.0, 68.0, 13.0, -2.0, 4.0, -11.0
-75.0, -53.0, -58.0, -68.0, -8.0, -10.0, -7.0, -26.0
0.0, 24.0, 29.0, 26.0, 16.0, 5.0, -7.0, -14.0
28.0, 2.0, 5.0, 10.0, -24.0, 1.0, 11.0, -3.0
-23.0, -1.0, -37.0, 31.0, 7.0, 10.0, -1.0, -15.0
-21.0, 14.0, -56.0, 22.0, 22.0, 0.0, -22.0, -29.0
21.0, 19.0, 1.0, 29.0, -4.0, 4.0, -4.0, -19.0
15.0, 10.0, 32.0, -19.0, -26.0, -12.0, -6.0, -11.0
-62.0, -51.0, 13.0, -23.0, -36.0, -10.0, -15.0, -29.0
32.0, -4.0, -20.0, 30.0, 87.0, 1.0, -6.0, -10.0
14.0, 9.0, 23.0, -16.0, -31.0, -13.0, 9.0, -10.0
1.0, 29.0, 23.0, 5.0, 6.0, 10.0, 0.0, -10.0
3.0, -27.0, -8.0, -9.0, -15.0, -8.0, 0.0, -9.0
-64.0, -44.0, 34.0, 1.0, -28.0, -19.0, -22.0, -34.0
58.0, 67.0, 7.0, -12.0, -1.0, 5.0, 8.0, -12.0
-54.0, -2.0, -82.0, -68.0, -3.0, -25.0, 2.0, -18.0
-28.0, -29.0, -17.0, -5.0, 34.0, 21.0, 3.0, -10.0
-13.0, -17.0, -21.0, -22.0, 3.0, 13.0, 2.0, -9.0
34.0, 16.0, 38.0, 19.0, -6.0, -11.0, 2.0, -11.0
12.0, 17.0, 26.0, 8.0, -21.0, -6.0, -10.0, -15.0
14.0, 24.0, -8.0, 13.0, 9.0, -12.0, -2.0, -13.0
-55.0, -27.0, -10.0, 11.0, -6.0, 19.0, 6.0, -7.0
-38.0, -51.0, 10.0, 24.0, 5.0, 2.0, -21.0, -21.0
28.0, 16.0, -9.0, 5.0, 30.0, 12.0, 2.0, -18.0
20.0, 41.0, -4.0, 4.0, -9.0, -28.0, 2.0, -8.0
6.0, -12.0, 42.0, 7.0, -19.0, 9.0, 9.0, -7.0
31.0, 51.0, -14.0, 26.0, -13.0, -3.0, -5.0, -14.0
-32.0, -87.0, -26.0, 14.0, 28.0, -12.0, -26.0, -29.0
37.0, 43.0, -26.0, 8.0, 14.0, 5.0, 10.0, 1.0
11.0, 34.0, 41.0, 22.0, -23.0, -18.0, -2.0, -10.0
-28.0, -33.0, -21.0, -37.0, 2.0, 20.0, 4.0, -17.0
4.0, 10.0, -14.0, 17.0, 6.0, 8.0, 4.0, -13.0
8.0, 34.0, 30.0, -13.0, -3.0, -5.0, 4.0, -14.0
6.0, 0.0, 2.0, 4.0, -14.0, -9.0, -2.0, -12.0
42.0, 62.0, 46.0, 25.0, 6.0, -14.0, -3.0, -12.0
-11.0, -37.0, -27.0, -1.0, 15.0, 15.0, 4.0, -12.0
-67.0, -116.0, -72.0, -18.0, -1.0, -10.0, 4.0, -11.0
2.0, -11.0, -7.0, -19.0, -14.0, -7.0, 6.0, -14.0
12.0, -22.0, 29.0, 8.0, 9.0, 15.0, -6.0, -21.0
1.0, 39.0, -1.0, -18.0, -23.0, -7.0, 6.0, -4.0
17.0, -37.0, 36.0, -15.0, -18.0, 2.0, 13.0, -3.0
3.0, 40.0, -10.0, 30.0, 39.0, -13.0, -23.0, -28.0
-67.0, -85.0, -126.0, -80.0, 2.0, -12.0, -7.0, -21.0
21.0, 19.0, 28.0, 12.0, 3.0, 4.0, -9.0, -19.0
5.0, 24.0, 29.0, 5.0, -7.0, 5.0, 8.0, -13.0
-2.0, -18.0, 3.0, -14.0, -13.0, -5.0, -4.0, -17.0
26.0, 48.0, 14.0, 28.0, 3.0, -1.0, 0.0, -11.0
10.0, -11.0, 10.0, 4.0, -15.0, -7.0, -2.0, -15.0
8.0, 21.0, 7.0, 27.0, 15.0, -10.0, -3.0, -13.0
-17.0, -14.0, -27.0, -47.0, -10.0, 19.0, 7.0, -9.0
30.0, 22.0, 13.0, 12.0, 15.0, 8.0, 2.0, -14.0
-22.0, -9.0, -22.0, -23.0, -22.0, -9.0, -1.0, -16.0
51.0, 39.0, 27.0, 77.0, 32.0, 11.0, 3.0, -12.0
-55.0, -25.0, -11.0, -23.0, -1.0, -14.0, -10.0, -16.0
-19.0, -1.0, -28.0, 1.0, 4.0, 3.0, 1.0, -8.0
-18.0, -16.0, 35.0, -3.0, -4.0, 3.0, -12.0, -22.0
7.0, -1.0, -30.0, -24.0, 4.0, 1.0, 6.0, -12.0
39.0, 20.0, 21.0, 15.0, -6.0, 2.0, 10.0, -3.0
13.0, -27.0, 26.0, -12.0, -30.0, -20.0, -8.0, -14.0
-17.0, -22.0, 5.0, 64.0, 26.0, -22.0, -14.0, -24.0
-13.0, -98.0, -49.0, -58.0, 9.0, 29.0, 4.0, -13.0
-10.0, -36.0, 14.0, 3.0, -3.0, 3.0, -3.0, -20.0
1.0, 9.0, -19.0, -5.0, -4.0, -13.0, 1.0, -8.0
38.0, 29.0, 21.0, -6.0, -17.0, 9.0, 9.0, -6.0
-20.0, -51.0, -11.0, -7.0, 3.0, -16.0, -16.0, -27.0
21.0, 18.0, 11.0, 76.0, 32.0, 6.0, 2.0, -11.0
-5.0, 21.0, 11.0, -26.0, -10.0, 18.0, -25.0, -28.0
1.0, 16.0, 38.0, -8.0, -5.0, -1.0, 16.0, 0.0
-17.0, -4.0, -16.0, -2.0, -4.0, -8.0, -2.0, -5.0
15.0, -18.0, 14.0, 1.0, -9.0, 0.0, 0.0, -17.0
27.0, 55.0, 3.0, 11.0, -2.0, -1.0, -3.0, -20.0
32.0, 4.0, 47.0, -5.0, -33.0, 5.0, 10.0, -14.0
-78.0, -100.0, -59.0, 24.0, 64.0, -1.0, -18.0, -29.0
1.0, 29.0, 27.0, -10.0, -6.0, 16.0, 2.0, -5.0
9.0, 38.0, 27.0, 1.0, 6.0, -12.0, 2.0, -22.0
-21.0, 33.0, 2.0, -14.0, -15.0, 7.0, -1.0, -10.0
30.0, 37.0, 69.0, 11.0, -19.0, -8.0, 11.0, -7.0
-18.0, -41.0, -26.0, -16.0, -5.0, 3.0, -6.0, -19.0
34.0, 36.0, 19.0, 23.0, 25.0, 7.0, 7.0, -7.0
-31.0, -10.0, -18.0, -14.0, 8.0, 2.0, -19.0, -25.0
-6.0, -18.0, 7.0, 24.0, -12.0, -1.0, 11.0, 0.0
-18.0, 12.0, -29.0, -25.0, 12.0, -5.0, -11.0, -13.0
32.0, -34.0, 65.0, -66.0, -26.0, -10.0, 1.0, -15.0
8.0, -4.0, -58.0, 1.0, 16.0, 17.0, 3.0, -5.0
-4.0, -42.0, 4.0, -34.0, -25.0, 18.0, 14.0, -2.0
-20.0, -14.0, -5.0, 37.0, -2.0, -27.0, -36.0, -42.0
5.0, 5.0, -38.0, -9.0, -12.0, -15.0, 10.0, -6.0
5.0, 21.0, -7.0, -3.0, 6.0, 4.0, 1.0, -8.0
-10.0, -10.0, -4.0, -20.0, -2.0, -11.0, 0.0, -21.0
9.0, -20.0, 1.0, -12.0, -21.0, 2.0, 11.0, -12.0
39.0, 89.0, 48.0, 72.0, -12.0, -5.0, -13.0, -19.0
-65.0, -114.0, -48.0, -68.0, 29.0, 6.0, 8.0, -7.0
29.0, 5.0, -2.0, 8.0, -12.0, 23.0, -2.0, -17.0
-20.0, -48.0, -8.0, -14.0, -1.0, -6.0, 10.0, -4.0
2.0, 28.0, 21.0, 9.0, 5.0, 7.0, -6.0, -24.0
14.0, 39.0, 19.0, 9.0, -13.0, -6.0, 7.0, -9.0
27.0, 54.0, 26.0, 7.0, -3.0, -6.0, 9.0, -7.0
-27.0, -12.0, -21.0, -34.0, 14.0, -4.0, -23.0, -31.0
18.0, 22.0, 4.0, 45.0, 9.0, 8.0, 2.0, -3.0
5.0, -33.0, -58.0, 5.0, -29.0, -22.0, -7.0, -19.0
-26.0, -38.0, 7.0, 2.0, 34.0, 4.0, 1.0, -4.0
15.0, -27.0, 17.0, 31.0, 1.0, 14.0, 7.0, -14.0
-9.0, 14.0, 8.0, -23.0, -10.0, 6.0, 1.0, -12.0
36.0, 13.0, 48.0, 46.0, -4.0, 0.0, -2.0, -14.0
-33.0, -36.0, -45.0, -46.0, 27.0, -9.0, -4.0, -22.0
9.0, 16.0, 8.0, 1.0, -8.0, 16.0, 15.0, 2.0
-8.0, 24.0, -7.0, -13.0, 1.0, -3.0, -8.0, -13.0
3.0, 43.0, -11.0, -10.0, 4.0, -4.0, 9.0, -9.0
7.0, 25.0, -3.0, 19.0, -30.0, -15.0, -6.0, -22.0
0.0, -10.0, -15.0, 49.0, 17.0, 11.0, 11.0, -1.0
-33.0, -45.0, -1.0, -41.0, 30.0, 2.0, -16.0, -25.0
9.0, 13.0, -28.0, -17.0, -12.0, 1.0, 3.0, -10.0
-1.0, -12.0, -12.0, 10.0, -13.0, -7.0, -3.0, -12.0
-3.0, -16.0, -2.0, 10.0, -14.0, -5.0, 7.0, -12.0
7.0, 35.0, -6.0, 4.0, -7.0, -4.0, -5.0, -12.0
25.0, 16.0, -6.0, -22.0, -15.0, -2.0, 5.0, -10.0
-52.0, -64.0, -1.0, 5.0, 34.0, 19.0, -7.0, -14.0
8.0, 1.0, 23.0, -2.0, -6.0, -2.0, 3.0, -3.0
-10.0, 19.0, -10.0, -3.0, 1.0, -3.0, 0.0, -13.0
6.0, 30.0, -4.0, -18.0, 2.0, 2.0, -4.0, -11.0
13.0, -7.0, -22.0, 12.0, -13.0, -1.0, 6.0, -13.0
19.0, -4.0, 24.0, -24.0, -19.0, 2.0, 14.0, -10.0
-19.0, 23.0, -26.0, -23.0, 32.0, -23.0, -19.0, -29.0
-43.0, -86.0, -19.0, 17.0, 5.0, 32.0, -3.0, -6.0
35.0, 29.0, -24.0, -18.0, -18.0, -8.0, 6.0, -4.0
-29.0, -39.0, -13.0, -10.0, 6.0, -1.0, -2.0, -18.0
56.0, 66.0, 54.0, 30.0, -24.0, -1.0, 3.0, -11.0
28.0, 30.0, 40.0, -6.0, -3.0, -1.0, 9.0, -1.0
-61.0, -13.0, -15.0, 5.0, 23.0, -20.0, -16.0, -25.0
30.0, 58.0, 15.0, 14.0, -9.0, 15.0, -15.0, -22.0
12.0, 41.0, 19.0, 9.0, -22.0, -2.0, 12.0, -1.0
-25.0, 7.0, 10.0, -4.0, 16.0, -12.0, -1.0, -16.0
40.0, 5.0, 52.0, 34.0, -22.0, 2.0, -1.0, -16.0
-30.0, -17.0, -24.0, -36.0, -9.0, -22.0, 3.0, -6.0
-32.0, -1.0, -16.0, 3.0, 18.0, 39.0, -4.0, -23.0
53.0, -20.0, 41.0, 50.0, 8.0, -13.0, 3.0, -18.0
-25.0, -41.0, 3.0, -5.0, -5.0, -3.0, -12.0, -19.0
127.0, 87.0, 127.0, 127.0, 127.0, 127.0, 127.0, 118.0
-32.0, -128.0, -27.0, 18.0, 6.0, 3.0, 41.0, 5.0
24.0, -92.0, -69.0, 35.0, 14.0, -16.0, 18.0, 0.0
-48.0, -14.0, 30.0, 11.0, -1.0, 15.0, -40.0, -41.0
15.0, 106.0, 4.0, -37.0, -16.0, -10.0, -17.0, -32.0
18.0, -64.0, -65.0, -38.0, -16.0, 20.0, 34.0, 8.0
-68.0, -128.0, -24.0, 38.0, 25.0, -2.0, 5.0, -18.0
16.0, 68.0, -4.0, 1.0, -7.0, -19.0, -14.0, -21.0
23.0, 115.0, 41.0, -53.0, -19.0, 4.0, -27.0, -30.0
18.0, -69.0, 13.0, 6.0, -20.0, -18.0, 15.0, -3.0
-69.0, -128.0, -29.0, 2.0, 26.0, -1.0, 18.0, 2.0
-7.0, 54.0, -7.0, -3.0, 0.0, -1.0, -13.0, -16.0
76.0, 127.0, 65.0, -18.0, -21.0, 10.0, -14.0, -22.0
9.0, -1.0, -15.0, 9.0, -17.0, -26.0, 12.0, -3.0
-79.0, -128.0, -79.0, -33.0, 41.0, 3.0, 5.0, -7.0
47.0, 100.0, -43.0, -30.0, -12.0, 7.0, -3.0, -4.0
16.0, 112.0, 50.0, 14.0, -4.0, 4.0, -13.0, -17.0
10.0, -65.0, 12.0, -16.0, -9.0, -6.0, 13.0, -3.0
-18.0, -88.0, -5.0, 53.0, 10.0, 9.0, 6.0, -11.0
2.0, 63.0, 10.0, 9.0, -9.0, -10.0, -16.0, -25.0
21.0, 61.0, 2.0, -23.0, -2.0, -7.0, -7.0, -20.0
-14.0, -73.0, -8.0, -3.0, 12.0, 1.0, -7.0, -14.0
6.0, 6.0, 24.0, 25.0, 9.0, -2.0, 19.0, -2.0
-78.0, 20.0, 18.0, -9.0, -25.0, -16.0, -21.0, -31.0
46.0, 54.0, 10.0, 19.0, 15.0, 17.0, -2.0, -15.0
-33.0, -38.0, -10.0, -66.0, -19.0, -21.0, 0.0, -18.0
-16.0, -46.0, 3.0, 31.0, 1.0, -14.0, 1.0, -5.0
29.0, 47.0, -4.0, 8.0, 14.0, 44.0, -3.0, -14.0
19.0, 71.0, 45.0, -8.0, -9.0, -17.0, -4.0, -12.0
-28.0, -49.0, -8.0, 16.0, 9.0, 6.0, -1.0, -13.0
-12.0, -39.0, -17.0, -16.0, -5.0, -4.0, 8.0, -15.0
11.0, 24.0, 3.0, -9.0, 1.0, -13.0, -5.0, -13.0
-9.0, 27.0, -4.0, 9.0, -7.0, 7.0, -11.0, -23.0
29.0, -13.0, -6.0, 1.0, 8.0, 8.0, 11.0, 1.0
-22.0, 11.0, 21.0, -23.0, -16.0, -5.0, 5.0, -13.0
68.0, -8.0, 66.0, 59.0, 47.0, 27.0, -22.0, -31.0
-17.0, -13.0, -11.0, -1.0, -17.0, -3.0, -5.0, -18.0
6.0, -17.0, -14.0, -54.0, -19.0, -10.0, 9.0, -12.0
-17.0, 6.0, -4.0, -15.0, -22.0, -21.0, -8.0, -16.0
21.0, 48.0, 1.0, 6.0, 2.0, 10.0, 4.0, -10.0
4.0, 21.0, -18.0, -7.0, -6.0, -8.0, -2.0, -15.0
11.0, -7.0, -2.0, 37.0, 25.0, 12.0, 6.0, -8.0
-4.0, -26.0, -16.0, -15.0, 5.0, 5.0, -7.0, -14.0
-6.0, 17.0, -1.0, -16.0, -9.0, -9.0, 7.0, -15.0
1.0, 18.0, -4.0, -9.0, -5.0, -2.0, -4.0, -14.0
-6.0, 1.0, 13.0, 27.0, -1.0, -12.0, 7.0, -3.0
-22.0, -20.0, -24.0, -32.0, 24.0, 23.0, -15.0, -23.0
15.0, 4.0, 38.0, 24.0, -6.0, 10.0, 8.0, -8.0
-38.0, -39.0, -55.0, -34.0, -18.0, -21.0, -6.0, -10.0
-5.0, -10.0, 18.0, -26.0, 15.0, -10.0, 0.0, -17.0
3.0, -15.0, 8.0, 20.0, -6.0, 11.0, 5.0, -14.0
14.0, 31.0, -35.0, 0.0, -9.0, -7.0, -3.0, -18.0
11.0, 38.0, 10.0, -13.0, -15.0, 13.0, 0.0, -12.0
-8.0, -21.0, 4.0, 35.0, 38.0, 2.0, -3.0, -18.0
9.0, 33.0, -51.0, 3.0, -3.0, 4.0, -8.0, -20.0
9.0, -31.0, -13.0, -62.0, -2.0, -4.0, 6.0, -9.0
-72.0, -33.0, -21.0, 23.0, -3.0, -20.0, -5.0, -19.0
14.0, -8.0, -14.0, -1.0, -2.0, -5.0, -13.0, -24.0
17.0, 1.0, 26.0, 13.0, 4.0, 1.0, 10.0, -3.0
-4.0, 16.0, -10.0, 8.0, -6.0, -6.0, 1.0, -19.0
33.0, 27.0, 5.0, -9.0, 4.0, 2.0, 9.0, -4.0
-13.0, -11.0, 0.0, 5.0, 0.0, 4.0, -4.0, -12.0
-17.0, -27.0, 4.0, 7.0, 1.0, -8.0, -4.0, -7.0
16.0, 24.0, 28.0, -1.0, -32.0, -14.0, 2.0, -7.0
24.0, -68.0, -29.0, 16.0, 78.0, 13.0, 3.0, -16.0
-52.0, -11.0, 65.0, 14.0, -4.0, 24.0, -11.0, -21.0
23.0, 11.0, 12.0, 0.0, -17.0, -13.0, 0.0, -6.0
-43.0, -38.0, -20.0, -17.0, -8.0, -24.0, -6.0, -19.0
19.0, 39.0, 16.0, 15.0, -17.0, -2.0, 4.0, -15.0
1.0, -3.0, -20.0, -8.0, -11.0, -11.0, 11.0, -2.0
24.0, 15.0, -1.0, 6.0, 26.0, 31.0, 7.0, -8.0
-17.0, 12.0, 22.0, 6.0, -1.0, -2.0, -8.0, -13.0
4.0, 10.0, 32.0, 8.0, -9.0, -20.0, -1.0, -15.0
36.0, -8.0, -18.0, -17.0, -15.0, 16.0, 8.0, -5.0
-13.0, -22.0, -41.0, 45.0, 15.0, -7.0, -6.0, -21.0
-34.0, -45.0, -10.0, 27.0, 6.0, -9.0, -2.0, -11.0
16.0, -3.0, 15.0, -21.0, -8.0, 28.0, -1.0, -11.0
-23.0, -32.0, -29.0, -11.0, -6.0, -14.0, 0.0, -8.0
14.0, 10.0, 29.0, -11.0, -10.0, 4.0, 1.0, -6.0
12.0, 17.0, -6.0, 22.0, 10.0, 4.0, -1.0, -15.0
2.0, 9.0, -12.0, -14.0, -2.0, -9.0, -1.0, -19.0
16.0, 15.0, 20.0, 27.0, 7.0, 5.0, 1.0, -14.0
-22.0, -12.0, -8.0, -19.0, -20.0, -21.0, -5.0, -19.0
50.0, 4.0, 38.0, 17.0, 46.0, 23.0, 11.0, 5.0
-71.0, -68.0, -62.0, -64.0, -15.0, 16.0, -6.0, -20.0
-4.0, -7.0, 31.0, 35.0, -4.0, -9.0, -11.0, -27.0
5.0, -5.0, -20.0, -61.0, -3.0, -10.0, 2.0, -19.0
3.0, -6.0, 19.0, -33.0, -47.0, 1.0, 10.0, -6.0
-16.0, 4.0, 3.0, 22.0, -4.0, -28.0, -7.0, -18.0
3.0, -31.0, -30.0, 24.0, 26.0, 24.0, 5.0, -6.0
-15.0, -2.0, 30.0, 7.0, -17.0, -7.0, -8.0, -27.0
37.0, 50.0, 17.0, -5.0, 2.0, -2.0, 6.0, -13.0
13.0, -9.0, 12.0, 7.0, 3.0, 4.0, 2.0, -17.0
-26.0, -13.0, 9.0, 2.0, -12.0, -5.0, -4.0, -18.0
13.0, 53.0, 12.0, 25.0, -8.0, 2.0, -2.0, -17.0
58.0, -13.0, -16.0, -49.0, -22.0, 3.0, 10.0, -11.0
-87.0, -128.0, -66.0, 13.0, 25.0, 9.0, -16.0, -26.0
18.0, 26.0, 16.0, -21.0, -16.0, -18.0, 8.0, -9.0
8.0, 7.0, -29.0, -7.0, 0.0, 2.0, -3.0, -9.0
-3.0, 14.0, -17.0, -4.0, -8.0, -21.0, -10.0, -20.0
23.0, 22.0, 24.0, 9.0, -7.0, 10.0, 11.0, -7.0
27.0, 35.0, 43.0, 23.0, -6.0, 10.0, 8.0, -6.0
-47.0, -44.0, -64.0, -49.0, 18.0, -8.0, -22.0, -38.0
-20.0, -7.0, -12.0, 5.0, -3.0, 5.0, 7.0, -13.0
26.0, 6.0, 33.0, 11.0, 2.0, -12.0, 8.0, -10.0
-33.0, -14.0, 24.0, 4.0, 7.0, -1.0, -8.0, -28.0
42.0, 20.0, 29.0, -8.0, -5.0, 11.0, 12.0, -7.0
-86.0, -28.0, -49.0, -1.0, 10.0, -14.0, -32.0, -29.0
34.0, 21.0, 5.0, 3.0, -2.0, -7.0, 12.0, -4.0
2.0, -17.0, -9.0, 9.0, -2.0, -2.0, -2.0, -12.0
4.0, 3.0, 14.0, 7.0, -6.0, 1.0, 3.0, -13.0
-4.0, 8.0, 7.0, -6.0, 13.0, -1.0, -1.0, -22.0
17.0, 17.0, 27.0, -2.0, -16.0, 10.0, 4.0, -14.0
18.0, 43.0, -16.0, -10.0, -11.0, -13.0, -7.0, -23.0
11.0, 36.0, 18.0, -11.0, 23.0, 11.0, 7.0, -5.0
-62.0, -128.0, 7.0, 61.0, 6.0, 10.0, -19.0, -29.0
14.0, 37.0, -3.0, -24.0, -13.0, -23.0, 13.0, 0.0
14.0, -31.0, -34.0, -38.0, -11.0, 5.0, -4.0, -14.0
-29.0, 13.0, 21.0, 27.0, -10.0, -21.0, -17.0, -29.0
29.0, 29.0, 22.0, -13.0, -2.0, 12.0, 17.0, -1.0
11.0, -13.0, 3.0, -3.0, 18.0, 9.0, 2.0, -11.0
5.0, -6.0, -12.0, 4.0, -9.0, -2.0, -8.0, -23.0
11.0, 15.0, 9.0, -5.0, -12.0, 1.0, 1.0, -5.0
-4.0, 22.0, -25.0, -8.0, 16.0, 5.0, -4.0, -15.0
63.0, 58.0, 68.0, 40.0, -17.0, 6.0, 24.0, 4.0
-79.0, 8.0, -45.0, -12.0, 31.0, -9.0, -12.0, -23.0
0.0, -18.0, 5.0, -17.0, -12.0, 2.0, -13.0, -18.0
22.0, 31.0, 17.0, 5.0, 0.0, -1.0, 14.0, -7.0
1.0, -12.0, -20.0, -2.0, 0.0, 9.0, 4.0, -11.0
11.0, 6.0, -10.0, -21.0, 0.0, -4.0, 2.0, -18.0
-24.0, -25.0, 2.0, 26.0, 3.0, 0.0, -9.0, -25.0
41.0, 14.0, 34.0, 7.0, -10.0, -28.0, 5.0, -4.0
-106.0, -128.0, -89.0, -52.0, 20.0, 41.0, -5.0, -13.0
25.0, 55.0, -3.0, -14.0, -15.0, -4.0, 4.0, -10.0
-17.0, 8.0, -14.0, -1.0, 5.0, -6.0, -9.0, -23.0
25.0, 44.0, -22.0, 3.0, -19.0, 4.0, 4.0, -17.0
48.0, 66.0, 64.0, -12.0, -22.0, -25.0, 12.0, -11.0
-28.0, -15.0, -55.0, 11.0, 40.0, -20.0, -32.0, -27.0
15.0, 37.0, 4.0, 6.0, 30.0, 38.0, -20.0, -26.0
28.0, 21.0, 20.0, -20.0, -14.0, -12.0, 8.0, -7.0
-15.0, -19.0, -3.0, 28.0, 1.0, -18.0, -11.0, -14.0
14.0, -11.0, 24.0, -8.0, -16.0, 4.0, 9.0, -4.0
21.0, 79.0, 22.0, 32.0, -1.0, -2.0, 4.0, -11.0
-1.0, -20.0, 53.0, 36.0, 8.0, 3.0, 2.0, -11.0
-46.0, -66.0, -56.0, -87.0, 7.0, 3.0, -24.0, -32.0
32.0, 10.0, 21.0, 24.0, 9.0, -1.0, -4.0, -17.0
-1.0, 42.0, 40.0, 19.0, -4.0, -5.0, 3.0, -10.0
-17.0, 13.0, -7.0, -20.0, -16.0, 1.0, -4.0, -14.0
23.0, 33.0, 25.0, 24.0, 1.0, 4.0, 7.0, -7.0
7.0, -4.0, 0.0, -8.0, -17.0, -7.0, 12.0, -3.0
-32.0, -62.0, -65.0, -36.0, 22.0, 16.0, -5.0, -16.0
17.0, 20.0, -2.0, -8.0, 1.0, 24.0, 5.0, -11.0
-3.0, -6.0, -2.0, 12.0, 2.0, -7.0, 1.0, -22.0
-10.0, -19.0, -16.0, 0.0, -15.0, 3.0, -2.0, -16.0
19.0, -6.0, 9.0, 17.0, -1.0, -11.0, 4.0, -17.0
-10.0, 7.0, 17.0, -23.0, -3.0, 3.0, 1.0, -11.0
42.0, -1.0, -1.0, 38.0, -8.0, 0.0, 16.0, 4.0
-20.0, 73.0, -10.0, -15.0, 12.0, 3.0, -13.0, -18.0
-18.0, -40.0, 9.0, -7.0, -4.0, -2.0, 9.0, -7.0
-55.0, -42.0, -44.0, -13.0, 4.0, -8.0, 2.0, -5.0
-8.0, -4.0, 10.0, 31.0, 3.0, -2.0, -9.0, -18.0
32.0, 16.0, 11.0, -15.0, -2.0, 8.0, 12.0, -5.0
-19.0, -10.0, 3.0, -45.0, -20.0, -25.0, -4.0, -18.0
6.0, 11.0, -10.0, 29.0, 18.0, 14.0, -1.0, -13.0
-13.0, -30.0, 15.0, 4.0, 2.0, -13.0, 2.0, -9.0
-6.0, -30.0, 24.0, 30.0, 16.0, 30.0, 4.0, -9.0
39.0, 102.0, -36.0, -35.0, -18.0, 0.0, -4.0, -6.0
42.0, 3.0, 19.0, 6.0, -26.0, -15.0, -11.0, -27.0
-94.0, -77.0, -41.0, 10.0, 65.0, 1.0, -19.0, -27.0
22.0, 19.0, -2.0, -8.0, -15.0, -6.0, 7.0, -14.0
16.0, 63.0, 29.0, 10.0, -5.0, 11.0, -4.0, -19.0
21.0, 38.0, -9.0, 6.0, -4.0, -6.0, 0.0, -17.0
24.0, 19.0, -10.0, 8.0, -13.0, 0.0, 5.0, -11.0
-14.0, -47.0, -8.0, -3.0, 1.0, -5.0, -5.0, -15.0
13.0, 68.0, 33.0, 28.0, -25.0, -6.0, -2.0, -10.0
5.0, 12.0, -57.0, -41.0, 56.0, 26.0, 12.0, -4.0
5.0, -44.0, -58.0, -20.0, -33.0, -7.0, 12.0, -5.0
-51.0, -32.0, -19.0, -3.0, 0.0, -17.0, -10.0, -11.0
-12.0, 1.0, -29.0, 4.0, -25.0, -19.0, -14.0, -24.0
-15.0, -1.0, 19.0, 33.0, -5.0, 0.0, -14.0, -21.0
26.0, 47.0, 19.0, -25.0, -3.0, 0.0, -1.0, -24.0
20.0, 7.0, 5.0, 10.0, 1.0, -1.0, -9.0, -17.0
11.0, 55.0, 22.0, 10.0, -1.0, -6.0, -10.0, -19.0
-13.0, 5.0, -15.0, -20.0, -14.0, -7.0, -7.0, -12.0
3.0, 0.0, 13.0, 30.0, 3.0, 10.0, 2.0, -10.0
-6.0, -15.0, 2.0, -15.0, -21.0, -6.0, -7.0, -13.0
71.0, 83.0, 106.0, 27.0, -4.0, -15.0, 17.0, 2.0
-78.0, -15.0, -65.0, 20.0, 51.0, 51.0, -26.0, -35.0
68.0, 38.0, 88.0, 30.0, 0.0, -17.0, -9.0, -21.0
-53.0, -43.0, 4.0, -3.0, 15.0, -8.0, 2.0, -12.0
12.0, 46.0, -4.0, -1.0, -16.0, -2.0, -9.0, -14.0
29.0, 44.0, 27.0, 16.0, -28.0, -24.0, 7.0, -11.0
7.0, -41.0, -46.0, -7.0, 10.0, 10.0, -3.0, -7.0
9.0, 16.0, 8.0, -19.0, -11.0, 0.0, -2.0, -23.0
-16.0, -47.0, -35.0, -9.0, 12.0, 12.0, -3.0, -16.0
22.0, -2.0, -26.0, -12.0, 4.0, 3.0, -10.0, -23.0
-32.0, -48.0, -8.0, -19.0, -10.0, -1.0, 2.0, -14.0
3.0, -13.0, -17.0, -8.0, -22.0, -4.0, 6.0, -15.0
-6.0, -9.0, -38.0, -1.0, 18.0, 8.0, 2.0, -15.0
2.0, -55.0, -3.0, -35.0, -8.0, -14.0, -5.0, -16.0
-4.0, 2.0, 23.0, 32.0, -13.0, -9.0, 8.0, -8.0
5.0, 6.0, 2.0, -11.0, 14.0, 28.0, 16.0, -4.0
-3.0, 21.0, 19.0, 2.0, 0.0, -12.0, -5.0, -18.0
-13.0, -7.0, -23.0, -6.0, -14.0, -8.0, 8.0, -4.0
57.0, 83.0, 55.0, 22.0, -22.0, 11.0, 22.0, 9.0
-52.0, 10.0, -40.0, 11.0, 30.0, -2.0, -16.0, -21.0
0.0, -76.0, 16.0, -18.0, -3.0, -19.0, -1.0, -11.0
3.0, -40.0, -7.0, -48.0, -28.0, -11.0, 16.0, -5.0
8.0, -51.0, -24.0, -12.0, -2.0, 0.0, 8.0, -5.0
33.0, 13.0, 38.0, 36.0, 3.0, 5.0, 15.0, -2.0
5.0, 33.0, 6.0, 0.0, 19.0, 6.0, -4.0, -9.0
-14.0, 11.0, -18.0, -26.0, -12.0, 11.0, 9.0, -11.0
-15.0, -11.0, -14.0, 8.0, 11.0, -8.0, -2.0, -13.0
20.0, 7.0, 10.0, -10.0, -13.0, -13.0, 5.0, -18.0
-17.0, 10.0, -29.0, -5.0, 9.0, 8.0, 12.0, -7.0
-6.0, -83.0, 27.0, 10.0, 0.0, -23.0, 9.0, 0.0
-18.0, -15.0, -20.0, 7.0, 19.0, 10.0, 2.0, -14.0
31.0, -11.0, -7.0, 0.0, 0.0, 5.0, 16.0, 2.0
-24.0, 4.0, -6.0, -45.0, -22.0, -5.0, 3.0, -16.0
3.0, 39.0, 26.0, 17.0, 15.0, -7.0, 7.0, -9.0
-9.0, -85.0, 16.0, 4.0, -7.0, -10.0, 0.0, -10.0
-3.0, -23.0, -20.0, -15.0, -2.0, -4.0, 7.0, 0.0
9.0, -38.0, 6.0, 43.0, 3.0, 14.0, 12.0, -4.0
24.0, 26.0, 33.0, -57.0, -16.0, 7.0, 22.0, -2.0
-97.0, -76.0, -68.0, -35.0, 11.0, -18.0, -19.0, -29.0
9.0, -20.0, -9.0, 65.0, 5.0, -8.0, 1.0, -13.0
0.0, 32.0, -15.0, -37.0, -7.0, 0.0, -2.0, -24.0
0.0, 40.0, 27.0, 1.0, -13.0, 0.0, -4.0, -18.0
-14.0, -44.0, -8.0, 31.0, 9.0, 1.0, 14.0, -5.0
-9.0, 12.0, 7.0, -19.0, 5.0, 13.0, -1.0, -12.0
24.0, 30.0, 31.0, 42.0, -21.0, 0.0, -15.0, -26.0
-14.0, 13.0, -23.0, 17.0, 38.0, -11.0, 10.0, 2.0
-12.0, 0.0, 7.0, 2.0, -17.0, -10.0, -16.0, -26.0
-3.0, 26.0, 31.0, 17.0, 1.0, 3.0, -15.0, -26.0
27.0, 22.0, -18.0, -19.0, 5.0, 18.0, 6.0, -5.0
-46.0, -2.0, -7.0, 9.0, -13.0, -24.0, -36.0, -33.0
9.0, 34.0, 5.0, -26.0, -4.0, -6.0, 7.0, -11.0
16.0, 85.0, 42.0, 6.0, -5.0, 24.0, 3.0, -6.0
-25.0, 24.0, -27.0, 17.0, 13.0, -9.0, -18.0, -28.0
22.0, 28.0, -10.0, 4.0, -3.0, 2.0, -20.0, -30.0
11.0, 53.0, 0.0, -8.0, -8.0, -1.0, -9.0, -18.0
-38.0, -23.0, -14.0, 35.0, -9.0, -21.0, -17.0, -28.0
21.0, 52.0, 34.0, -11.0, -11.0, 4.0, 1.0, -11.0
20.0, 25.0, -17.0, 1.0, 2.0, 5.0, -13.0, -23.0
33.0, 85.0, 14.0, 0.0, -21.0, 0.0, -1.0, -16.0
-46.0, -3.0, -64.0, -16.0, 22.0, -8.0, -25.0, -36.0
11.0, 22.0, 42.0, 13.0, 0.0, -4.0, -15.0, -15.0
4.0, 8.0, 14.0, 0.0, -10.0, -2.0, -8.0, -25.0
5.0, 18.0, 28.0, 2.0, 0.0, -3.0, -5.0, -11.0
21.0, 1.0, 14.0, -24.0, -30.0, -20.0, 1.0, -20.0
-33.0, -29.0, -37.0, -42.0, 13.0, 18.0, -15.0, -23.0
16.0, 33.0, 31.0, -20.0, 1.0, 15.0, -7.0, -19.0
35.0, 33.0, 8.0, -7.0, -13.0, 7.0, 5.0, -19.0
-55.0, -28.0, -50.0, 22.0, -6.0, -48.0, -31.0, -28.0
6.0, 1.0, 25.0, 27.0, 28.0, 22.0, -13.0, -18.0
35.0, 38.0, 21.0, 35.0, -6.0, 5.0, 12.0, 3.0
-16.0, 2.0, -41.0, -28.0, -1.0, -1.0, 0.0, -14.0
11.0, 7.0, 16.0, 1.0, -10.0, 9.0, -5.0, -16.0
26.0, 63.0, 18.0, 19.0, -28.0, -16.0, 5.0, -20.0
-55.0, -63.0, -30.0, 0.0, 27.0, 32.0, -7.0, -19.0
-3.0, -15.0, 4.0, 13.0, 1.0, -3.0, -4.0, -5.0
70.0, 126.0, 57.0, -15.0, -7.0, 20.0, 10.0, -4.0
-98.0, -128.0, -45.0, 6.0, -25.0, -33.0, -20.0, -23.0
34.0, 38.0, 14.0, 9.0, -13.0, -5.0, 0.0, -13.0
-10.0, -4.0, -43.0, -7.0, 11.0, -5.0, -3.0, -19.0
29.0, 18.0, 26.0, 25.0, -9.0, 5.0, 13.0, -10.0
-42.0, -1.0, -80.0, -86.0, 22.0, 19.0, -8.0, -30.0
0.0, -20.0, -2.0, 10.0, 5.0, 11.0, -8.0, -23.0
-8.0, -24.0, 19.0, 1.0, -1.0, 0.0, 1.0, -12.0
18.0, 6.0, -36.0, -11.0, -2.0, -4.0, 9.0, -3.0
-13.0, -32.0, 23.0, 33.0, 10.0, -8.0, -5.0, -16.0
-19.0, 2.0, -17.0, -19.0, -8.0, -8.0, 4.0, -9.0
41.0, 24.0, 45.0, 41.0, 11.0, 4.0, -3.0, -6.0
-24.0, -3.0, -30.0, -37.0, 1.0, 9.0, 6.0, -7.0
4.0, -32.0, 9.0, 15.0, 23.0, 11.0, 14.0, -4.0
6.0, 18.0, 21.0, -57.0, -25.0, -13.0, 8.0, -16.0
13.0, -38.0, -13.0, 2.0, 14.0, 11.0, 12.0, -7.0
19.0, -16.0, -4.0, -6.0, -28.0, -1.0, 2.0, -9.0
-30.0, -101.0, -47.0, 23.0, 11.0, -3.0, 9.0, -2.0
11.0, -25.0, -4.0, 42.0, 22.0, 3.0, 9.0, -12.0
-26.0, -71.0, -13.0, -28.0, -3.0, -12.0, 9.0, -11.0
0.0, -10.0, 16.0, 23.0, 22.0, 5.0, 14.0, -4.0
39.0, 74.0, 41.0, -14.0, -18.0, 4.0, 17.0, 2.0
13.0, -19.0, 24.0, 35.0, 16.0, 2.0, 5.0, -1.0
-28.0, -69.0, -54.0, -32.0, 9.0, 8.0, 13.0, -5.0
6.0, -21.0, -21.0, -4.0, 16.0, 5.0, 12.0, -3.0
6.0, -32.0, 42.0, -41.0, -44.0, -15.0, 3.0, -17.0
-24.0, -128.0, -9.0, 74.0, 50.0, 3.0, 10.0, -1.0
14.0, -8.0, 15.0, 17.0, -6.0, 8.0, 15.0, -4.0
-20.0, -63.0, -3.0, -11.0, 8.0, -3.0, 0.0, -9.0
59.0, 58.0, 40.0, -10.0, -25.0, -2.0, 25.0, 6.0
-41.0, -128.0, -53.0, -53.0, -29.0, -35.0, 8.0, -18.0
-16.0, -67.0, 13.0, 66.0, 56.0, 33.0, 3.0, -14.0
23.0, -46.0, 22.0, 33.0, 6.0, 9.0, 20.0, -9.0
-8.0, -16.0, -54.0, -20.0, -7.0, -14.0, 11.0, -7.0
19.0, 37.0, 26.0, -4.0, -13.0, -2.0, 24.0, 7.0
-13.0, -29.0, -51.0, -22.0, -3.0, -6.0, 10.0, 2.0
-47.0, -64.0, 7.0, -14.0, 12.0, 9.0, 2.0, -16.0
38.0, 62.0, 34.0, 35.0, 7.0, 13.0, 2.0, -15.0
-7.0, 55.0, -11.0, -20.0, -18.0, -28.0, 2.0, -10.0
-11.0, -15.0, 2.0, -14.0, 6.0, 20.0, -1.0, -19.0
-52.0, -36.0, 13.0, 18.0, 8.0, 11.0, 4.0, -15.0
48.0, 6.0, -36.0, -45.0, -12.0, -23.0, -11.0, -17.0
8.0, 31.0, 10.0, 9.0, -1.0, 17.0, -1.0, -16.0
-34.0, 7.0, 4.0, -9.0, -9.0, -16.0, -17.0, -24.0
4.0, 10.0, -2.0, 3.0, 0.0, 2.0, -4.0, -18.0
-23.0, 29.0, 22.0, 20.0, 10.0, 15.0, -6.0, -19.0
13.0, 33.0, -43.0, -36.0, -14.0, -22.0, -14.0, -29.0
34.0, 37.0, 20.0, 5.0, -15.0, -14.0, 0.0, -16.0
6.0, 10.0, -9.0, -9.0, 8.0, 4.0, -17.0, -22.0
-6.0, 40.0, 8.0, 13.0, 2.0, 13.0, -8.0, -16.0
15.0, 40.0, 5.0, 4.0, 6.0, 4.0, -17.0, -21.0
42.0, 16.0, 11.0, 2.0, -11.0, 3.0, -9.0, -21.0
-48.0, 17.0, -17.0, -19.0, -9.0, -27.0, -20.0, -37.0
-19.0, 26.0, -4.0, -5.0, -2.0, -2.0, -12.0, -25.0
5.0, 30.0, 24.0, 16.0, -5.0, 8.0, -9.0, -19.0
-5.0, 12.0, -10.0, 1.0, -1.0, -9.0, -7.0, -24.0
-6.0, 19.0, 16.0, 0.0, 0.0, -9.0, -11.0, -15.0
16.0, 38.0, 8.0, 5.0, 2.0, -1.0, -9.0, -20.0
-22.0, 21.0, 24.0, 6.0, -7.0, 9.0, 1.0, -12.0
7.0, 0.0, -20.0, -12.0, -5.0, -4.0, -16.0, -25.0
42.0, 24.0, -7.0, -8.0, -3.0, -3.0, -25.0, -34.0
-10.0, 23.0, 7.0, 13.0, 5.0, -11.0, 0.0, -15.0
20.0, 38.0, 7.0, 1.0, 3.0, 10.0, -3.0, -15.0
-32.0, -12.0, 6.0, 12.0, 3.0, -5.0, 9.0, -4.0
26.0, -23.0, 11.0, 0.0, 3.0, 16.0, 9.0, -6.0
8.0, 12.0, -5.0, -11.0, -10.0, -13.0, -6.0, -22.0
-8.0, 27.0, 6.0, 22.0, 5.0, -6.0, -2.0, -21.0
-28.0, -12.0, -2.0, -14.0, -8.0, -11.0, -3.0, -17.0
-4.0, -20.0, 5.0, 7.0, 7.0, 9.0, 3.0, -7.0
-23.0, 12.0, -19.0, -9.0, 0.0, 22.0, 2.0, -16.0
3.0, 19.0, -13.0, -10.0, -8.0, -5.0, -7.0, -9.0
-23.0, 4.0, 10.0, 1.0, 6.0, 3.0, 5.0, -13.0
29.0, -5.0, 11.0, -15.0, -16.0, -9.0, 1.0, -17.0
-7.0, 17.0, 15.0, 8.0, 2.0, 1.0, -6.0, -15.0
-1.0, 18.0, 5.0, -14.0, -5.0, -6.0, 3.0, -13.0
-18.0, -12.0, -2.0, 15.0, 3.0, 2.0, -6.0, -19.0
-21.0, -6.0, 0.0, 1.0, 9.0, -6.0, 6.0, -7.0
35.0, 10.0, 12.0, 3.0, -2.0, 3.0, 3.0, -10.0
1.0, 5.0, 2.0, -4.0, -3.0, 6.0, 12.0, -10.0
-68.0, -14.0, -26.0, 2.0, -5.0, -26.0, -26.0, -25.0
27.0, -5.0, 13.0, 17.0, -2.0, -1.0, 6.0, -16.0
15.0, 10.0, -8.0, -7.0, -7.0, -13.0, -3.0, -18.0
19.0, -11.0, 13.0, 26.0, 24.0, 22.0, 8.0, -6.0
84.0, -9.0, 6.0, -26.0, -18.0, -7.0, -10.0, -20.0
13.0, -13.0, -21.0, -39.0, -7.0, -2.0, -6.0, -6.0
-27.0, 7.0, 30.0, 25.0, -7.0, -13.0, 2.0, -17.0
18.0, -41.0, 2.0, 3.0, 4.0, -1.0, 6.0, -17.0
-16.0, -19.0, -5.0, 7.0, 10.0, 24.0, 22.0, -7.0
-13.0, -1.0, -12.0, -6.0, -1.0, -10.0, 5.0, -8.0
36.0, -32.0, 5.0, -5.0, 7.0, 11.0, 10.0, -8.0
-24.0, -57.0, -3.0, -5.0, -9.0, -8.0, 7.0, -9.0
1.0, -28.0, -22.0, -5.0, 5.0, -4.0, 18.0, -4.0
-11.0, -4.0, 0.0, 15.0, 0.0, 7.0, 11.0, -10.0
0.0, -36.0, -4.0, -6.0, 3.0, 1.0, 13.0, -8.0
-16.0, -58.0, -14.0, 2.0, 4.0, 6.0, 8.0, -13.0
-3.0, -31.0, -6.0, -3.0, 1.0, -2.0, 15.0, -6.0
7.0, -9.0, -1.0, 9.0, 5.0, 2.0, 3.0, -9.0
-6.0, -47.0, -8.0, -21.0, 1.0, 4.0, 9.0, -4.0
-2.0, -53.0, -8.0, -9.0, -3.0, -2.0, 12.0, -5.0
8.0, -25.0, 8.0, 5.0, 1.0, 2.0, 16.0, -3.0
-14.0, -11.0, 6.0, 11.0, 13.0, 8.0, 15.0, 4.0
-14.0, -36.0, -9.0, 10.0, -1.0, -5.0, 3.0, -11.0
-11.0, -53.0, 3.0, -13.0, -8.0, -7.0, 9.0, -6.0
3.0, -21.0, -10.0, -9.0, 0.0, 10.0, 15.0, -10.0
-4.0, -16.0, 3.0, 6.0, 0.0, -10.0, 4.0, -12.0
-5.0, -41.0, -1.0, -25.0, -5.0, -8.0, 15.0, -2.0
-6.0, -32.0, -1.0, 25.0, 3.0, 6.0, 9.0, -8.0
-5.0, -28.0, -4.0, 10.0, 11.0, 4.0, 12.0, -4.0
4.0, -37.0, -17.0, -26.0, -7.0, -2.0, 0.0, -13.0
4.0, -11.0, -14.0, -11.0, -2.0, -2.0, 13.0, -1.0
2.0, -9.0, -8.0, -5.0, 2.0, -4.0, 9.0, -1.0
-26.0, -32.0, 13.0, -1.0, -2.0, -4.0, 5.0, -4.0
0.0, -26.0, -33.0, -18.0, -6.0, -8.0, 12.0, -5.0
-12.0, -4.0, 7.0, 10.0, 9.0, -2.0, 1.0, -13.0
6.0, 10.0, 3.0, 5.0, 4.0, 14.0, -2.0, -20.0
-4.0, -22.0, 19.0, 12.0, 4.0, -6.0, -3.0, -13.0
-11.0, -12.0, 6.0, -10.0, -6.0, -1.0, -2.0, -18.0
9.0, 6.0, -8.0, 1.0, -9.0, -8.0, -4.0, -19.0
-6.0, 22.0, -3.0, -8.0, 7.0, 4.0, -4.0, -15.0
10.0, 36.0, -3.0, 8.0, 4.0, 1.0, -5.0, -21.0
-4.0, 52.0, -14.0, 25.0, 3.0, 7.0, -13.0, -25.0
6.0, 19.0, 10.0, -28.0, -11.0, -1.0, -3.0, -15.0
9.0, 22.0, -9.0, -20.0, -9.0, -9.0, -9.0, -23.0
-6.0, 38.0, -8.0, -2.0, 0.0, -4.0, -11.0, -25.0
1.0, 52.0, -2.0, 7.0, 3.0, -1.0, -10.0, -16.0
12.0, 26.0, -4.0, -1.0, 4.0, 19.0, -12.0, -14.0
-6.0, 3.0, 35.0, 18.0, -11.0, -13.0, -11.0, -17.0
-6.0, 32.0, -24.0, -16.0, -5.0, -17.0, -14.0, -13.0
3.0, 38.0, 27.0, 12.0, -5.0, 2.0, -5.0, -18.0
5.0, 26.0, 0.0, 22.0, 1.0, -7.0, -12.0, -20.0
-4.0, 1.0, 4.0, -13.0, -6.0, -6.0, -3.0, -14.0
6.0, 18.0, 13.0, 12.0, 1.0, 4.0, -9.0, -19.0
-4.0, 33.0, 8.0, 3.0, 1.0, 1.0, -9.0, -26.0
9.0, 21.0, -3.0, -10.0, -3.0, 14.0, 1.0, -7.0
-3.0, 14.0, -22.0, 4.0, 10.0, -5.0, 2.0, -13.0
-3.0, -16.0, -8.0, -15.0, -11.0, -8.0, 4.0, -10.0
0.0, 1.0, -11.0, -15.0, 0.0, 1.0, -8.0, -24.0
-3.0, 8.0, 5.0, -1.0, 5.0, 3.0, -1.0, -15.0
3.0, 16.0, -5.0, -2.0, 2.0, -1.0, -5.0, -13.0
-3.0, -11.0, 6.0, 14.0, 6.0, 4.0, 3.0, -15.0
-2.0, -14.0, 29.0, 19.0, 3.0, 15.0, 3.0, -12.0
-1.0, 11.0, -6.0, 14.0, -3.0, -8.0, -2.0, -18.0
11.0, 4.0, -2.0, -1.0, 3.0, 3.0, 2.0, -16.0
-5.0, -8.0, 9.0, 12.0, 4.0, -12.0, -8.0, -19.0
11.0, 7.0, -22.0, 5.0, -3.0, -13.0, -5.0, -11.0
0.0, 10.0, 18.0, 6.0, 4.0, 16.0, 6.0, -3.0
-13.0, -22.0, -25.0, -13.0, -5.0, -4.0, -2.0, -11.0
-3.0, -12.0, -7.0, 13.0, 5.0, 1.0, -7.0, -20.0
-6.0, 2.0, 16.0, 6.0, -5.0, 2.0, 2.0, -9.0
8.0, 9.0, -6.0, -13.0, 3.0, -14.0, -3.0, -20.0
-2.0, -3.0, -4.0, 0.0, -4.0, 6.0, 5.0, -6.0
-5.0, -10.0, 2.0, -13.0, -8.0, -3.0, -3.0, -9.0
0.0, 7.0, -29.0, -15.0, -5.0, -4.0, -5.0, -19.0
3.0, 9.0, -12.0, -2.0, -1.0, 4.0, -1.0, -16.0
-2.0, 3.0, 21.0, 21.0, 3.0, -3.0, 3.0, -12.0
-4.0, -4.0, -31.0, -23.0, 4.0, 10.0, 2.0, -5.0
4.0, 29.0, 28.0, 3.0, -5.0, -7.0, -7.0, -9.0
3.0, -1.0, 0.0, -8.0, 1.0, -3.0, 5.0, -12.0
3.0, -44.0, 23.0, 17.0, 3.0, 9.0, 7.0, -3.0
-1.0, -4.0, 10.0, 6.0, 2.0, -2.0, 0.0, -20.0
-2.0, 5.0, 5.0, 4.0, 0.0, 3.0, -6.0, -23.0
-5.0, 3.0, -21.0, -16.0, -7.0, -10.0, -2.0, -20.0
1.0, 3.0, 7.0, 7.0, 5.0, 0.0, 3.0, -9.0
2.0, -4.0, -7.0, -1.0, -1.0, 5.0, 5.0, -8.0
-7.0, 0.0, 4.0, -1.0, 7.0, 2.0, -5.0, -17.0
1.0, 6.0, 21.0, -16.0, -1.0, 3.0, 3.0, -10.0
-6.0, -18.0, -50.0, -31.0, -7.0, -3.0, 8.0, -13.0
-3.0, -3.0, 29.0, 19.0, 0.0, -5.0, 3.0, -11.0
6.0, 22.0, -45.0, -18.0, -4.0, -5.0, -7.0, -17.0
0.0, -2.0, 33.0, 23.0, 0.0, 0.0, 7.0, -6.0
-10.0, -15.0, -18.0, -18.0, 0.0, -3.0, -6.0, -19.0
3.0, 2.0, 2.0, 4.0, 1.0, 9.0, -3.0, -14.0
1.0, 5.0, 1.0, -4.0, -1.0, -10.0, -2.0, -9.0
5.0, 4.0, -13.0, -10.0, -5.0, 0.0, -2.0, -8.0
-7.0, 10.0, -27.0, -7.0, -8.0, -11.0, 0.0, -9.0
8.0, -2.0, 12.0, 21.0, 10.0, 11.0, 2.0, -13.0
1.0, 5.0, -12.0, -42.0, -6.0, -4.0, -7.0, -22.0
-1.0, -1.0, 2.0, -4.0, -1.0, 1.0, 4.0, -16.0
-2.0, -10.0, 10.0, -1.0, -2.0, -3.0, 6.0, -7.0
-5.0, 0.0, -17.0, -2.0, -2.0, -2.0, -1.0, -11.0
0.0, 18.0, 8.0, 5.0, -6.0, 5.0, 1.0, -5.0
-1.0, -5.0, 0.0, 6.0, 8.0, 2.0, -1.0, -14.0
-1.0, -17.0, 3.0, -2.0, 2.0, -1.0, 5.0, -10.0
1.0, 1.0, -4.0, -6.0, -4.0, -5.0, -3.0, -14.0
0.0, 3.0, 17.0, 9.0, 4.0, 5.0, 4.0, -15.0
-2.0, -5.0, -7.0, -1.0, -3.0, 2.0, 3.0, -13.0
-1.0, -31.0, 8.0, 3.0, -2.0, -18.0, 5.0, -11.0
-3.0, -10.0, -18.0, -7.0, 4.0, 8.0, 4.0, -6.0
-4.0, 18.0, 19.0, 16.0, 5.0, 11.0, -4.0, -14.0
3.0, 8.0, -1.0, 2.0, -4.0, -2.0, -7.0, -16.0
-2.0, -21.0, 6.0, 5.0, -1.0, -2.0, 1.0, -14.0
-2.0, -7.0, -8.0, -4.0, 6.0, 3.0, -1.0, -20.0
0.0, 23.0, -6.0, -13.0, -11.0, -11.0, -6.0, -18.0
3.0, 2.0, 5.0, 7.0, -2.0, -3.0, 8.0, -12.0
-6.0, -25.0, -3.0, 11.0, 12.0, 16.0, -3.0, -8.0
-6.0, -2.0, -16.0, -18.0, -9.0, -12.0, -2.0, -7.0
3.0, 14.0, -2.0, 1.0, 2.0, 21.0, 1.0, -13.0
-3.0, -3.0, -1.0, -4.0, 1.0, -8.0, -6.0, -16.0
1.0, -14.0, 1.0, 5.0, 0.0, -7.0, 1.0, -13.0
-3.0, -4.0, 0.0, -3.0, -4.0, 0.0, -1.0, -11.0
4.0, -7.0, -3.0, -8.0, -6.0, -13.0, -6.0, -12.0
-5.0, 3.0, 13.0, 5.0, -2.0, 10.0, -2.0, -13.0
-1.0, -16.0, -18.0, -10.0, 5.0, -3.0, 4.0, -14.0
0.0, -2.0, 0.0, 3.0, -8.0, -2.0, -3.0, -14.0
0.0, 10.0, -30.0, -32.0, 7.0, -2.0, 1.0, -20.0
-1.0, 0.0, 5.0, 8.0, -1.0, 4.0, 5.0, -10.0
-4.0, -13.0, -5.0, 0.0, -2.0, -5.0, 2.0, -12.0
0.0, -5.0, -6.0, -9.0, -5.0, 5.0, 3.0, -16.0
5.0, 20.0, 14.0, 23.0, 7.0, 3.0, -7.0, -19.0
1.0, 2.0, -6.0, -6.0, 3.0, -8.0, -1.0, -16.0
0.0, -3.0, 9.0, 12.0, -1.0, 9.0, 0.0, -19.0
-6.0, -3.0, -17.0, -21.0, -7.0, -11.0, -4.0, -14.0
-3.0, 15.0, -7.0, -7.0, -3.0, -1.0, 0.0, -19.0
2.0, 3.0, -9.0, 2.0, -2.0, 4.0, 0.0, -13.0
-7.0, -16.0, 11.0, -1.0, -7.0, -10.0, -2.0, -9.0
5.0, -2.0, 11.0, 20.0, 15.0, 15.0, 3.0, -13.0
4.0, 17.0, 8.0, 2.0, -10.0, -5.0, -4.0, -15.0
-4.0, 2.0, -4.0, -9.0, -7.0, -9.0, -4.0, -15.0
7.0, -26.0, -11.0, -12.0, 2.0, 3.0, 3.0, -12.0
-8.0, -3.0, 3.0, 7.0, 2.0, -9.0, -2.0, -11.0
3.0, 19.0, 12.0, 5.0, 7.0, 10.0, -5.0, -7.0
-1.0, 3.0, -8.0, 5.0, -2.0, 8.0, -2.0, -12.0
-2.0, -16.0, -7.0, -7.0, 0.0, 1.0, 3.0, -14.0
0.0, -5.0, 0.0, -1.0, 4.0, -6.0, 2.0, -18.0
1.0, 14.0, 11.0, -1.0, -13.0, -20.0, -1.0, -17.0
2.0, 4.0, 0.0, -7.0, -3.0, -1.0, 0.0, -9.0
-8.0, -31.0, -1.0, 13.0, 20.0, 24.0, 5.0, -9.0
-7.0, -6.0, -15.0, -11.0, -7.0, 2.0, -5.0, -7.0
6.0, 27.0, 16.0, 4.0, -1.0, 3.0, -3.0, -15.0
2.0, 3.0, 1.0, -2.0, -7.0, -24.0, -1.0, -16.0
-4.0, -5.0, -5.0, 0.0, 0.0, 3.0, 3.0, -9.0
0.0, -4.0, 14.0, 14.0, 9.0, -7.0, -7.0, -25.0
-4.0, 9.0, -6.0, -6.0, -5.0, 7.0, 0.0, -3.0
-4.0, 1.0, 4.0, -3.0, 0.0, -4.0, -6.0, -17.0
-5.0, -16.0, 3.0, 5.0, -3.0, -8.0, 0.0, -11.0
0.0, -3.0, 5.0, -4.0, 2.0, 14.0, 10.0, -6.0
4.0, 19.0, 11.0, 5.0, 0.0, 3.0, -3.0, -20.0
0.0, -1.0, -14.0, -7.0, 4.0, 7.0, 3.0, -8.0
-8.0, -20.0, -21.0, -11.0, -16.0, -5.0, -2.0, -21.0
1.0, -6.0, 0.0, 1.0, 4.0, -13.0, 1.0, -12.0
3.0, 7.0, 1.0, -3.0, -3.0, -3.0, -4.0, -11.0
1.0, 4.0, -4.0, 10.0, 3.0, 13.0, 1.0, -7.0
-3.0, -20.0, 0.0, 4.0, 0.0, -10.0, 0.0, -10.0
-5.0, -6.0, 0.0, -3.0, -4.0, 5.0, 1.0, -5.0
2.0, 11.0, -6.0, -5.0, -5.0, -2.0, -2.0, -15.0
6.0, 5.0, 2.0, 2.0, 0.0, -26.0, -3.0, -23.0
-9.0, -23.0, -6.0, -7.0, -3.0, 7.0, 4.0, -6.0
0.0, -7.0, -1.0, 6.0, -1.0, -6.0, -8.0, -25.0
-1.0, 19.0, 3.0, -1.0, 0.0, 11.0, 0.0, -19.0
-3.0, 2.0, 1.0, -5.0, 0.0, 10.0, 0.0, -8.0
2.0, -12.0, -8.0, -3.0, 3.0, -6.0, 0.0, -10.0
-4.0, -4.0, 0.0, -6.0, -5.0, -2.0, 0.0, -19.0
6.0, 12.0, 0.0, 14.0, -2.0, -12.0, -5.0, -19.0
3.0, -4.0, -2.0, 2.0, -1.0, 19.0, 1.0, -20.0
-6.0, -28.0, -10.0, -3.0, 8.0, -7.0, 1.0, -9.0
-3.0, -7.0, 6.0, 6.0, -6.0, -3.0, 0.0, -14.0
2.0, 4.0, -3.0, -6.0, 3.0, 11.0, -3.0, -20.0
-3.0, 5.0, 4.0, -5.0, -5.0, -4.0, -1.0, -13.0
-1.0, -9.0, 0.0, 2.0, -2.0, -2.0, 3.0, -13.0
-1.0, -8.0, -5.0, -2.0, -5.0, -14.0, 1.0, -5.0
1.0, 20.0, -3.0, -9.0, -4.0, -1.0, 1.0, -11.0
0.0, 6.0, 3.0, 2.0, 1.0, 2.0, 1.0, -6.0
-6.0, -18.0, 1.0, 5.0, -2.0, 0.0, 0.0, -15.0
3.0, -5.0, -1.0, -1.0, 5.0, 9.0, 1.0, -16.0
-1.0, 5.0, 6.0, 1.0, -4.0, 1.0, -4.0, -19.0
2.0, 5.0, 3.0, -2.0, -7.0, -16.0, -2.0, -18.0
0.0, -5.0, -6.0, -2.0, 8.0, 6.0, -1.0, -17.0
-2.0, -5.0, 5.0, 4.0, 15.0, 16.0, -3.0, -14.0
1.0, 13.0, 1.0, -2.0, -10.0, -11.0, -2.0, -17.0
-2.0, 3.0, 8.0, 2.0, -4.0, -3.0, -3.0, -19.0
-4.0, -1.0, -8.0, -10.0, -2.0, -3.0, 1.0, -11.0
-1.0, -5.0, -2.0, -11.0, -7.0, 1.0, 0.0, -12.0
1.0, 5.0, -1.0, 4.0, 2.0, 1.0, -3.0, -12.0
3.0, 4.0, 9.0, 4.0, -3.0, -15.0, 0.0, -13.0
-1.0, -4.0, -8.0, -5.0, 2.0, 1.0, -3.0, -14.0
-1.0, -1.0, -9.0, -4.0, -4.0, 1.0, -6.0, -23.0
-2.0, -5.0, 2.0, -13.0, -4.0, 4.0, 4.0, -11.0
1.0, 2.0, -4.0, 0.0, -2.0, 0.0, 0.0, -17.0
-1.0, -10.0, 3.0, 11.0, 5.0, 13.0, 4.0, -11.0
-3.0, -2.0, -1.0, -2.0, -2.0, -4.0, -1.0, -13.0
8.0, 18.0, 13.0, 2.0, -5.0, -5.0, -3.0, -7.0
-6.0, 2.0, -9.0, -12.0, 1.0, 0.0, -4.0, -4.0
1.0, 0.0, 2.0, -1.0, 0.0, -13.0, -6.0, -24.0
-2.0, -1.0, 3.0, 11.0, 0.0, 12.0, 1.0, -9.0
-4.0, -8.0, -30.0, 1.0, 5.0, -9.0, -2.0, -12.0
1.0, 1.0, 2.0, 10.0, -5.0, -3.0, 2.0, -11.0
3.0, 4.0, 0.0, 12.0, 4.0, 10.0, -4.0, -10.0
-11.0, -2.0, -10.0, -21.0, -9.0, -12.0, -1.0, -5.0
7.0, 27.0, 27.0, 7.0, -1.0, 3.0, -3.0, -13.0
-4.0, -13.0, -52.0, -36.0, -6.0, -8.0, 5.0, -1.0
-10.0, -18.0, -5.0, -6.0, -3.0, -2.0, 2.0, -14.0
14.0, -4.0, 19.0, 34.0, 15.0, 4.0, -1.0, -11.0
-9.0, 0.0, -52.0, -42.0, -10.0, -2.0, -5.0, -11.0
5.0, 1.0, -16.0, 7.0, 7.0, 10.0, -4.0, -22.0
-4.0, -19.0, 38.0, 2.0, -5.0, -7.0, 5.0, -17.0
-1.0, -8.0, -45.0, -11.0, -10.0, -9.0, 2.0, -11.0
12.0, 29.0, 4.0, -11.0, 9.0, 7.0, -1.0, -14.0
1.0, 8.0, 45.0, 30.0, 10.0, -5.0, -6.0, -16.0
-1.0, -13.0, -81.0, -58.0, -5.0, 6.0, 1.0, -17.0
-6.0, 30.0, -36.0, -3.0, 4.0, -7.0, -4.0, -19.0
10.0, 16.0, 2.0, 15.0, 0.0, 1.0, -2.0, -15.0
-8.0, -5.0, 36.0, -13.0, -10.0, 12.0, 5.0, -12.0
6.0, -4.0, 59.0, -25.0, 6.0, -11.0, -2.0, -10.0
-16.0, 3.0, 47.0, 54.0, 0.0, -7.0, -8.0, -25.0
2.0, 21.0, 27.0, 21.0, -3.0, -2.0, -5.0, -21.0
-9.0, 3.0, -56.0, -72.0, -6.0, -7.0, -3.0, -18.0
19.0, 23.0, 58.0, 87.0, 14.0, 22.0, 0.0, -9.0
9.0, -5.0, 82.0, 17.0, -1.0, -8.0, -1.0, -13.0
-38.0, -68.0, 42.0, -27.0, -30.0, -31.0, 10.0, -8.0
26.0, 2.0, 44.0, 59.0, 22.0, 37.0, 5.0, -11.0
-15.0, -9.0, -51.0, -7.0, -5.0, -8.0, -5.0, -11.0
30.0, 36.0, 22.0, 11.0, 23.0, 24.0, 1.0, -13.0
2.0, 38.0, -8.0, -7.0, -18.0, -14.0, -13.0, -21.0
-12.0, -41.0, 30.0, -26.0, -12.0, -10.0, 7.0, -11.0
-16.0, -29.0, -101.0, -91.0, -8.0, -11.0, 0.0, -16.0
10.0, 20.0, 52.0, -3.0, 17.0, 14.0, 0.0, -18.0
12.0, 26.0, -101.0, -118.0, 1.0, 8.0, -1.0, -16.0
-3.0, 24.0, -12.0, 11.0, 5.0, -10.0, -6.0, -18.0
25.0, 21.0, -43.0, 124.0, 39.0, 22.0, 1.0, -21.0
-22.0, 17.0, 34.0, -12.0, -19.0, -20.0, -3.0, -14.0
43.0, 41.0, 41.0, 60.0, 40.0, 39.0, 3.0, -9.0
-29.0, -17.0, -69.0, -42.0, -34.0, -31.0, -5.0, -18.0
1.0, -15.0, 0.0, -8.0, 4.0, 9.0, 8.0, -13.0
15.0, 36.0, 51.0, 44.0, 19.0, 19.0, 4.0, -12.0
-32.0, -50.0, 6.0, 44.0, -35.0, -30.0, 5.0, -16.0
12.0, 2.0, 86.0, 46.0, 9.0, 9.0, 0.0, -13.0
-46.0, -30.0, 0.0, -22.0, -51.0, -38.0, -1.0, -12.0
-9.0, 64.0, -27.0, 37.0, -9.0, -20.0, -18.0, -14.0
51.0, 50.0, 104.0, 60.0, 53.0, 34.0, -3.0, -14.0
-36.0, -55.0, 20.0, 26.0, -38.0, -25.0, -3.0, -11.0
20.0, -11.0, 116.0, 89.0, 26.0, 17.0, 4.0, -9.0
7.0, -17.0, -24.0, -104.0, -18.0, -3.0, 3.0, -12.0
-21.0, 13.0, -67.0, -73.0, -18.0, -11.0, 0.0, -14.0
22.0, 36.0, 28.0, -9.0, 9.0, 8.0, 1.0, -6.0
-21.0, -11.0, 81.0, 9.0, -2.0, 9.0, 9.0, -1.0
19.0, -5.0, 9.0, 18.0, 13.0, 7.0, -1.0, -10.0
-17.0, 12.0, -67.0, -121.0, -42.0, -30.0, -5.0, -16.0
36.0, 35.0, 11.0, 119.0, 55.0, 44.0, -5.0, -7.0
-23.0, -16.0, -30.0, -28.0, -25.0, -34.0, -10.0, -16.0
19.0, 2.0, 80.0, 73.0, 36.0, 38.0, 9.0, -7.0
-12.0, -13.0, 58.0, 16.0, -5.0, -15.0, -5.0, -18.0
15.0, 0.0, -32.0, 40.0, 8.0, 11.0, 13.0, -14.0
-36.0, 3.0, -82.0, -83.0, -21.0, -16.0, -8.0, -17.0
4.0, 9.0, -83.0, -95.0, -20.0, -6.0, 5.0, -12.0
56.0, 34.0, 112.0, 119.0, 84.0, 53.0, -5.0, -6.0
-50.0, -87.0, 36.0, 31.0, -53.0, -45.0, -10.0, -15.0
36.0, 8.0, 108.0, 78.0, 43.0, 26.0, 5.0, -10.0
-35.0, -60.0, -111.0, -67.0, -39.0, -34.0, -1.0, -15.0
-23.0, 4.0, -35.0, -15.0, -15.0, -1.0, -2.0, -18.0
9.0, -15.0, 51.0, -19.0, 0.0, 11.0, 19.0, -6.0
16.0, -4.0, -47.0, -14.0, 1.0, -3.0, -7.0, -21.0
-46.0, -44.0, -31.0, -39.0, -50.0, -44.0, -14.0, -19.0
55.0, 9.0, 79.0, 126.0, 64.0, 38.0, -3.0, -11.0
-82.0, -121.0, -86.0, -128.0, -74.0, -52.0, -4.0, -22.0
-1.0, -7.0, 3.0, -9.0, -6.0, -10.0, 2.0, -9.0
31.0, 44.0, 37.0, -15.0, 25.0, 25.0, 4.0, -17.0
-16.0, 49.0, 55.0, 65.0, 1.0, -12.0, -1.0, -11.0
63.0, 37.0, 6.0, 59.0, 72.0, 57.0, 1.0, -11.0
-14.0, -18.0, -22.0, -29.0, -26.0, -15.0, -2.0, -13.0
-8.0, -7.0, 77.0, 90.0, -6.0, 3.0, 16.0, -2.0
41.0, -7.0, 47.0, 60.0, 32.0, 34.0, -5.0, -16.0
-34.0, 25.0, 31.0, 8.0, -21.0, -46.0, -12.0, -23.0
45.0, 90.0, 115.0, 100.0, 79.0, 56.0, 1.0, -2.0
-5.0, 60.0, 83.0, 59.0, 3.0, -5.0, -13.0, -20.0
4.0, 35.0, 38.0, -31.0, -15.0, -11.0, -2.0, -15.0
27.0, 26.0, -65.0, 10.0, 27.0, 21.0, -1.0, -16.0
29.0, 31.0, 48.0, 76.0, 51.0, 34.0, -9.0, -19.0
-41.0, -34.0, 50.0, 41.0, -37.0, -24.0, 5.0, -6.0
-58.0, -47.0, -49.0, -90.0, -75.0, -49.0, 10.0, -12.0
-4.0, 30.0, -29.0, -91.0, -8.0, 1.0, -1.0, -12.0
-8.0, -36.0, -27.0, 25.0, -16.0, -6.0, 11.0, -13.0
-21.0, -13.0, 12.0, 42.0, -15.0, -21.0, 2.0, -17.0
21.0, 18.0, -26.0, 45.0, 32.0, 32.0, 2.0, -12.0
-14.0, -27.0, 96.0, 18.0, -11.0, -16.0, -10.0, -17.0
-1.0, -29.0, -11.0, 30.0, -22.0, -5.0, -9.0, -17.0
23.0, -19.0, 57.0, 11.0, 29.0, 13.0, 0.0, -4.0
5.0, 32.0, 74.0, 6.0, -2.0, -5.0, -7.0, -12.0
39.0, 38.0, 45.0, 81.0, 36.0, 35.0, 10.0, -15.0
-43.0, -23.0, 31.0, 15.0, -29.0, -40.0, -5.0, -14.0
23.0, 21.0, -83.0, 52.0, 48.0, 28.0, 2.0, -18.0
-16.0, -46.0, -31.0, -48.0, -25.0, -1.0, 7.0, -7.0
24.0, 52.0, 19.0, 74.0, 26.0, -8.0, -17.0, -22.0
-8.0, 3.0, -3.0, 7.0, -2.0, 4.0, -1.0, -8.0
-5.0, -44.0, -32.0, -36.0, -13.0, 8.0, 20.0, 5.0
-38.0, -113.0, -60.0, -18.0, -64.0, -53.0, 8.0, -8.0
28.0, -42.0, 56.0, 53.0, 43.0, 29.0, 18.0, 1.0
3.0, -28.0, -71.0, -89.0, 2.0, 7.0, 7.0, -15.0
-18.0, -49.0, -65.0, 42.0, -26.0, -35.0, -9.0, -25.0
16.0, -47.0, 13.0, 41.0, 17.0, 13.0, 13.0, -6.0
17.0, -103.0, -81.0, -68.0, 13.0, 25.0, 23.0, 2.0
-3.0, -23.0, 127.0, 79.0, 15.0, -9.0, 8.0, -10.0
13.0, 1.0, 33.0, 18.0, 29.0, 27.0, 6.0, -10.0
-30.0, -45.0, 51.0, 52.0, -14.0, -27.0, 5.0, -4.0
-36.0, -128.0, -36.0, -1.0, -32.0, -25.0, 17.0, 0.0
-9.0, -24.0, -48.0, -67.0, 11.0, -5.0, 12.0, -4.0
-37.0, -50.0, -46.0, -88.0, -46.0, -29.0, 8.0, -11.0
0.0, -56.0, -53.0, -36.0, 9.0, 10.0, 16.0, -12.0
-4.0, -15.0, 104.0, 85.0, 15.0, 11.0, 14.0, -7.0
-16.0, -68.0, -76.0, -39.0, -38.0, -21.0, 1.0, -10.0
13.0, 49.0, 73.0, -84.0, 8.0, 4.0, 2.0, -11.0
-11.0, -56.0, -39.0, -1.0, 9.0, -9.0, -3.0, -9.0
4.0, -3.0, 42.0, 36.0, 15.0, -1.0, 20.0, 2.0
4.0, -43.0, -55.0, -53.0, 17.0, 19.0, 15.0, -11.0
15.0, -11.0, -78.0, -20.0, 18.0, 7.0, -5.0, -17.0
-7.0, 5.0, -16.0, -10.0, -16.0, -7.0, 4.0, -12.0
10.0, -19.0, -45.0, -44.0, 37.0, 26.0, 10.0, -8.0
-75.0, -29.0, 77.0, -2.0, -74.0, -54.0, 15.0, 3.0
12.0, 17.0, 46.0, 52.0, 25.0, 14.0, 11.0, -3.0
4.0, -3.0, 27.0, -7.0, 10.0, 2.0, 20.0, 2.0
-6.0, -16.0, -100.0, -51.0, 14.0, 12.0, 1.0, -11.0
39.0, 51.0, 93.0, 93.0, 37.0, 20.0, 3.0, -12.0
-10.0, -9.0, 68.0, 28.0, 16.0, 1.0, 2.0, -11.0
-14.0, -87.0, -57.0, -55.0, -41.0, -14.0, 16.0, -11.0
-32.0, -114.0, -47.0, -25.0, -49.0, -25.0, 16.0, -8.0
17.0, -28.0, 16.0, -1.0, 20.0, 11.0, 4.0, -6.0
-14.0, -20.0, -36.0, -1.0, -8.0, -9.0, 3.0, -13.0
-1.0, -30.0, -12.0, 66.0, 38.0, 14.0, 2.0, -16.0
37.0, 52.0, 127.0, 94.0, 19.0, 29.0, -2.0, -13.0
-64.0, -43.0, -42.0, -114.0, -72.0, -53.0, -10.0, -24.0
-24.0, 32.0, 43.0, 1.0, -16.0, -11.0, 8.0, -11.0
31.0, 48.0, -1.0, 29.0, 28.0, 35.0, 6.0, -15.0
-51.0, -40.0, -86.0, -66.0, -69.0, -60.0, -12.0, -18.0
-19.0, -19.0, -19.0, -92.0, -22.0, -7.0, 5.0, -15.0
48.0, 84.0, -7.0, 1.0, 34.0, 42.0, -4.0, -15.0
-34.0, -25.0, -43.0, -33.0, -34.0, -37.0, -7.0, -21.0
2.0, 37.0, 55.0, 14.0, 15.0, 5.0, -8.0, -22.0
52.0, 63.0, 30.0, 70.0, 49.0, 43.0, 3.0, -10.0
-31.0, 18.0, 64.0, 52.0, -29.0, -31.0, -14.0, -31.0
30.0, 61.0, 82.0, 33.0, 25.0, 25.0, -5.0, -15.0
-1.0, 36.0, 65.0, 8.0, -14.0, -17.0, -7.0, -12.0
53.0, 117.0, 5.0, 50.0, 94.0, 59.0, -11.0, -20.0
-19.0, 74.0, 127.0, 107.0, -20.0, -35.0, -21.0, -27.0
11.0, 46.0, 75.0, 19.0, 5.0, 4.0, -2.0, -9.0
5.0, 19.0, -57.0, -52.0, 18.0, 19.0, 4.0, -9.0
-5.0, -7.0, 10.0, 75.0, -21.0, -5.0, -12.0, -25.0
8.0, 11.0, -22.0, -18.0, 8.0, -3.0, -1.0, -19.0
-1.0, 36.0, 33.0, -11.0, -19.0, -8.0, -8.0, -19.0
-11.0, 18.0, -86.0, -54.0, -17.0, -12.0, -2.0, -20.0
-5.0, -25.0, -25.0, 13.0, -1.0, 7.0, 0.0, -14.0
-8.0, -26.0, -49.0, -20.0, -12.0, 1.0, -7.0, -17.0
20.0, 10.0, 115.0, 3.0, 17.0, 16.0, 6.0, -8.0
-59.0, -40.0, -13.0, 32.0, -34.0, -49.0, -20.0, -31.0
-33.0, -38.0, 42.0, -14.0, -31.0, -30.0, -3.0, -14.0
18.0, -2.0, -14.0, 0.0, -1.0, 15.0, -7.0, -12.0
29.0, 15.0, -14.0, 3.0, 36.0, 27.0, 4.0, -13.0
2.0, 20.0, 3.0, 14.0, 0.0, -7.0, -3.0, -19.0
4.0, -31.0, 3.0, 16.0, 10.0, 10.0, -5.0, -14.0
32.0, 79.0, -12.0, 41.0, 66.0, 39.0, -1.0, -10.0
-46.0, -10.0, 52.0, 30.0, -46.0, -33.0, -21.0, -29.0
34.0, 60.0, 94.0, 45.0, 24.0, 28.0, 8.0, -5.0
-47.0, -27.0, -2.0, -79.0, -60.0, -59.0, -1.0, -11.0
53.0, 64.0, 58.0, 59.0, 43.0, 32.0, -3.0, -21.0
-5.0, -5.0, 10.0, 26.0, -8.0, 0.0, 10.0, -12.0
-73.0, -73.0, -100.0, -100.0, -78.0, -71.0, -8.0, -15.0
40.0, 40.0, 42.0, 62.0, 49.0, 39.0, 3.0, -14.0
-10.0, -45.0, 34.0, -7.0, -18.0, -9.0, -3.0, -20.0
-10.0, 40.0, -93.0, -35.0, -14.0, -18.0, -6.0, -20.0
70.0, 85.0, 119.0, 73.0, 60.0, 63.0, 11.0, -2.0
-80.0, -20.0, -3.0, -46.0, -98.0, -94.0, -19.0, -31.0
4.0, 22.0, 29.0, 1.0, 1.0, -3.0, 5.0, -14.0
40.0, 56.0, 95.0, 66.0, 41.0, 30.0, -2.0, -11.0
-19.0, -21.0, 49.0, -26.0, -19.0, -28.0, -12.0, -20.0
11.0, 7.0, -10.0, 4.0, 11.0, 11.0, -4.0, -16.0
13.0, 13.0, -31.0, -4.0, -1.0, 5.0, -5.0, -10.0
-8.0, 13.0, -35.0, -48.0, 12.0, 21.0, -6.0, -16.0
-1.0, -3.0, 10.0, 75.0, 1.0, -9.0, -2.0, -14.0
7.0, 9.0, -2.0, 24.0, 42.0, 20.0, 3.0, -16.0
-26.0, -71.0, -54.0, -11.0, -24.0, -17.0, -2.0, -7.0
-5.0, -8.0, 42.0, -10.0, -18.0, -9.0, 10.0, -9.0
-3.0, -31.0, -16.0, -14.0, 7.0, 4.0, 7.0, -11.0
105.0, 127.0, 74.0, 95.0, 87.0, 88.0, 18.0, 5.0
-11.0, 79.0, 10.0, 7.0, 6.0, -24.0, -31.0, -29.0
4.0, 7.0, -23.0, 35.0, -10.0, -14.0, 1.0, -9.0
6.0, 8.0, -9.0, 5.0, 11.0, 14.0, 9.0, -16.0
1.0, -25.0, 8.0, 17.0, -1.0, -6.0, -6.0, -6.0
1.0, -14.0, -19.0, -32.0, -9.0, 13.0, 4.0, -8.0
46.0, -19.0, -67.0, -43.0, 49.0, 50.0, 5.0, -9.0
-31.0, -32.0, 68.0, 19.0, -35.0, -48.0, -18.0, -17.0
9.0, -23.0, 1.0, -6.0, 14.0, 15.0, -2.0, -14.0
40.0, 40.0, -59.0, -20.0, 23.0, 36.0, 2.0, -8.0
-27.0, 37.0, 44.0, 76.0, -18.0, -52.0, -21.0, -29.0
40.0, 39.0, -8.0, 27.0, 46.0, 49.0, 10.0, -4.0
1.0, 16.0, 12.0, 44.0, 18.0, 9.0, -5.0, -16.0
-75.0, -104.0, -53.0, -108.0, -110.0, -78.0, -9.0, -22.0
9.0, 22.0, 9.0, 2.0, 8.0, 2.0, -6.0, -17.0
24.0, 21.0, 49.0, 54.0, 20.0, 26.0, 6.0, -8.0
-39.0, 4.0, 74.0, -16.0, -39.0, -41.0, -13.0, -31.0
-25.0, -53.0, -59.0, -63.0, -49.0, -28.0, -3.0, -21.0
-2.0, -6.0, -24.0, -24.0, -9.0, -18.0, -1.0, -17.0
-31.0, -39.0, -28.0, -52.0, -31.0, -24.0, -7.0, -24.0
14.0, 34.0, 26.0, -49.0, 10.0, 26.0, -3.0, -21.0
-4.0, 36.0, 91.0, 37.0, -6.0, 2.0, -12.0, -25.0
-27.0, -13.0, -8.0, -37.0, -32.0, -23.0, -8.0, -17.0
32.0, 55.0, 10.0, 11.0, 35.0, 37.0, 1.0, -10.0
18.0, 53.0, 25.0, 65.0, 25.0, 9.0, -13.0, -21.0
-1.0, 90.0, -93.0, 11.0, 9.0, -5.0, -30.0, -31.0
-6.0, 52.0, 64.0, 3.0, -14.0, -13.0, -17.0, -25.0
3.0, 28.0, -50.0, -22.0, -1.0, -2.0, -7.0, -19.0
-6.0, 16.0, -47.0, 30.0, -1.0, -1.0, -13.0, -20.0
11.0, 50.0, 14.0, 2.0, 7.0, 16.0, -4.0, -23.0
8.0, 27.0, -28.0, 19.0, -11.0, 5.0, 1.0, -9.0
0.0, 17.0, -14.0, -40.0, -7.0, 3.0, -9.0, -20.0
7.0, 51.0, 24.0, -3.0, 0.0, -26.0, -6.0, -22.0
0.0, 84.0, 10.0, -37.0, 10.0, 23.0, -11.0, -17.0
0.0, 20.0, 8.0, 32.0, 9.0, 4.0, -3.0, -17.0
1.0, 18.0, -3.0, -4.0, -4.0, 3.0, -3.0, -21.0
-7.0, 10.0, -8.0, 15.0, -12.0, -11.0, -1.0, -9.0
18.0, 17.0, 39.0, 19.0, 12.0, 8.0, 3.0, -18.0
37.0, 4.0, 48.0, 80.0, 31.0, 29.0, 4.0, -15.0
-75.0, -84.0, 13.0, -21.0, -66.0, -71.0, -9.0, -14.0
-1.0, -7.0, -37.0, 18.0, -12.0, 3.0, 0.0, -8.0
12.0, 13.0, 103.0, 63.0, 21.0, 9.0, 4.0, -1.0
21.0, -12.0, 13.0, -58.0, 15.0, 14.0, -8.0, -23.0
15.0, -16.0, 6.0, 19.0, 23.0, 6.0, 1.0, -13.0
-15.0, -49.0, -49.0, -44.0, -15.0, -4.0, 1.0, -6.0
13.0, -34.0, 61.0, 51.0, 21.0, 6.0, 3.0, -12.0
-36.0, -102.0, -67.0, -80.0, -57.0, -34.0, -3.0, -6.0
15.0, -31.0, 57.0, 28.0, 18.0, 2.0, 4.0, -14.0
-14.0, -37.0, -33.0, -17.0, -8.0, -4.0, 5.0, -11.0
30.0, 2.0, -57.0, -19.0, 23.0, 25.0, 3.0, -13.0
18.0, -12.0, 63.0, 85.0, 44.0, 28.0, 17.0, 7.0
-38.0, -74.0, -127.0, -82.0, -61.0, -36.0, 8.0, -10.0
4.0, 18.0, 14.0, 46.0, -7.0, 4.0, -3.0, -17.0
29.0, 36.0, 19.0, 41.0, 23.0, 18.0, 2.0, -13.0
-5.0, 38.0, 31.0, -4.0, -13.0, -11.0, -8.0, -18.0
10.0, -2.0, -9.0, -14.0, 11.0, 11.0, 5.0, -15.0
0.0, -30.0, -14.0, -6.0, 6.0, 1.0, -3.0, -14.0
-9.0, -11.0, 10.0, -5.0, -28.0, -19.0, -9.0, -17.0
-11.0, -54.0, -103.0, -109.0, -48.0, -12.0, 1.0, -22.0
8.0, 12.0, 8.0, 79.0, 27.0, -13.0, -9.0, -12.0
-13.0, -47.0, -32.0, -25.0, -18.0, 4.0, 10.0, -1.0
-65.0, -108.0, -69.0, -89.0, -69.0, -59.0, -6.0, -23.0
6.0, 47.0, 60.0, 35.0, 18.0, 19.0, 5.0, -9.0
37.0, 41.0, 111.0, 114.0, 47.0, 36.0, 3.0, -9.0
-63.0, -37.0, 27.0, -9.0, -35.0, -41.0, -7.0, -24.0
21.0, 58.0, 48.0, 65.0, 23.0, 24.0, 8.0, -7.0
6.0, 36.0, -41.0, -3.0, 4.0, 0.0, 2.0, -20.0
3.0, -10.0, 38.0, -13.0, -2.0, 7.0, -1.0, -17.0
38.0, 7.0, 23.0, 59.0, 47.0, 38.0, 7.0, -4.0
-17.0, -64.0, -9.0, -29.0, -9.0, -8.0, 8.0, -10.0
-5.0, -21.0, 66.0, 9.0, -13.0, -22.0, 6.0, -11.0
14.0, -31.0, -22.0, 13.0, 33.0, 19.0, 17.0, -5.0
7.0, -23.0, 20.0, 48.0, 5.0, 2.0, 7.0, -18.0
0.0, -93.0, -70.0, -103.0, -26.0, 12.0, 11.0, -8.0
-17.0, -53.0, 64.0, 78.0, -12.0, -32.0, 6.0, -4.0
-9.0, -93.0, -14.0, 1.0, 2.0, 20.0, 15.0, -7.0
4.0, -31.0, 54.0, -3.0, 1.0, -6.0, 8.0, -7.0
16.0, -19.0, 27.0, 20.0, 23.0, 13.0, 14.0, -1.0
-5.0, -70.0, -37.0, -4.0, 7.0, 2.0, 6.0, -13.0
-4.0, -33.0, 38.0, 29.0, 6.0, 9.0, 8.0, -4.0
-53.0, -36.0, -4.0, -101.0, -91.0, -60.0, 12.0, -5.0
15.0, 21.0, 80.0, 82.0, 42.0, 5.0, 8.0, -12.0
-4.0, -69.0, -36.0, -21.0, -7.0, 6.0, 4.0, -7.0
-9.0, -52.0, 11.0, 20.0, 7.0, -7.0, 13.0, -11.0
20.0, -31.0, 67.0, 58.0, 43.0, 37.0, 14.0, -6.0
-19.0, -34.0, 64.0, 20.0, -46.0, -40.0, -3.0, -18.0
-3.0, -42.0, 36.0, 28.0, 8.0, 10.0, 12.0, -4.0
-1.0, -51.0, -3.0, -31.0, 3.0, -7.0, 15.0, -7.0
